ra,dec,mjd,mag_auto,filter,exposure
190.67261085575024,-26.721442513037587,56419.03797930339,21.175264,r,c4d_130507_005441_ooi_r_v1
190.67172225936045,-26.712462679518218,56690.24374588486,20.306173,r,tu2170181
190.65133387686416,-26.729070727301778,56690.245231799316,20.979946,r,tu2170517
190.65936398986614,-26.709828888658254,56734.29288211791,20.418755,i,c4d_140318_070259_ooi_i_v1
190.67099170871484,-26.72930681382845,56734.29345866153,20.865257,i,c4d_140318_070347_ooi_i_v1
190.6593437572638,-26.70984953428037,56734.29345866153,20.483349,i,c4d_140318_070347_ooi_i_v1
190.65520738077103,-26.727015383797326,56734.29345866153,21.143631,i,c4d_140318_070347_ooi_i_v1
190.67259047355992,-26.72145871978778,56734.29345866153,20.467722,i,c4d_140318_070347_ooi_i_v1
190.65245585267022,-26.7326908182738,56734.29345866153,21.002293,i,c4d_140318_070347_ooi_i_v1
190.66786477841816,-26.715675222084023,56734.29345866153,20.466654,i,c4d_140318_070347_ooi_i_v1
190.6553373778453,-26.7270730802853,56734.29402319342,20.963545,i,c4d_140318_070436_ooi_i_v1
190.65929380734738,-26.709852458970158,56734.29402319342,20.35461,i,c4d_140318_070436_ooi_i_v1
190.6678765918108,-26.715658611709117,56734.29402319342,20.549583,i,c4d_140318_070436_ooi_i_v1
190.65242922851624,-26.732706405590193,56734.29458866874,20.280788,z,c4d_140318_070525_ooi_z_v1
190.65932753125853,-26.709834951640232,56734.29458866874,20.50059,z,c4d_140318_070525_ooi_z_v1
190.6552747676307,-26.727014645510565,56734.295171627775,20.556028,z,c4d_140318_070616_ooi_z_v1
190.65747629575964,-26.71948287577013,56734.295171627775,20.655256,z,c4d_140318_070616_ooi_z_v1
190.67823147383558,-26.72876691171627,56734.295171627775,20.46368,z,c4d_140318_070616_ooi_z_v1
190.65936470449844,-26.70984231544752,56734.295171627775,20.596218,z,c4d_140318_070616_ooi_z_v1
190.65248245769038,-26.732628046309646,56734.295171627775,20.5073,z,c4d_140318_070616_ooi_z_v1
190.67253184089515,-26.721480498653353,56734.295760677196,20.252632,z,c4d_140318_070707_ooi_z_v1
190.65937982880854,-26.709857874850492,56734.295760677196,20.745422,z,c4d_140318_070707_ooi_z_v1
190.67818833875793,-26.72879804701135,56734.29749979125,20.479517,Y,c4d_140318_070937_ooi_Y_v1
190.65938767678173,-26.709839665138784,56736.372747200076,20.365139,i,c4d_140320_085758_ooi_i_v1
190.65333722836286,-26.733515645082264,56736.372747200076,20.842234,i,c4d_140320_085758_ooi_i_v1
190.66782650344012,-26.715653661762,56736.3733063899,20.465393,i,c4d_140320_085846_ooi_i_v1
190.67263480706535,-26.72147631654172,56736.3733063899,20.339268,i,c4d_140320_085846_ooi_i_v1
190.65936676618108,-26.709815416154136,56736.3733063899,20.484663,i,c4d_140320_085846_ooi_i_v1
190.65521895474976,-26.727009386395626,56736.3733063899,21.117765,i,c4d_140320_085846_ooi_i_v1
190.66785711395357,-26.71567128299859,56736.37386102229,20.544323,i,c4d_140320_085934_ooi_i_v1
190.65935318312845,-26.709846504059602,56736.37386102229,20.513128,i,c4d_140320_085934_ooi_i_v1
190.67260968839184,-26.72150282268543,56736.37386102229,20.357645,i,c4d_140320_085934_ooi_i_v1
190.6782554314318,-26.7288341005112,56736.37386102229,21.19838,i,c4d_140320_085934_ooi_i_v1
190.65527329094,-26.727051317060955,56736.374429365154,20.620583,z,c4d_140320_090023_ooi_z_v1
190.6573503891227,-26.719463467595403,56736.374429365154,20.48399,z,c4d_140320_090023_ooi_z_v1
190.65938697173763,-26.709872550074788,56736.374429365154,20.463976,z,c4d_140320_090023_ooi_z_v1
190.65242140089407,-26.732699653476413,56736.374429365154,20.387255,z,c4d_140320_090023_ooi_z_v1
190.6782585581934,-26.728845775720725,56736.37498781318,21.068136,z,c4d_140320_090112_ooi_z_v1
190.65931390836985,-26.70982247252916,56736.37498781318,20.571333,z,c4d_140320_090112_ooi_z_v1
190.65527912636017,-26.727006303008324,56736.37498781318,20.414692,z,c4d_140320_090112_ooi_z_v1
190.65251425605692,-26.732674412735008,56736.37498781318,20.577978,z,c4d_140320_090112_ooi_z_v1
190.65525146267353,-26.72701123931952,56736.3755542119,20.904753,z,c4d_140320_090200_ooi_z_v1
190.67253632200527,-26.721480869697338,56736.3755542119,20.274054,z,c4d_140320_090200_ooi_z_v1
190.65933399733814,-26.709858068067113,56736.3755542119,20.70062,z,c4d_140320_090200_ooi_z_v1
190.66317902044176,-26.72511317037342,56823.9649156481,20.60823,u,c4d_140615_231028_ooi_u_v1
190.66327013753533,-26.725077614087127,56823.96533284709,20.260546,u,c4d_140615_231104_ooi_u_v1
190.6631892133525,-26.725139376647725,56823.965750124305,20.446932,u,c4d_140615_231141_ooi_u_v1
190.6558962694736,-26.731043928772188,56823.96705480991,20.735048,g,c4d_140615_231354_ooi_g_ls9
190.65936160009258,-26.70983138562147,56823.96705480991,21.188581,g,c4d_140615_231354_ooi_g_ls9
190.65587667670658,-26.731026259310674,56823.967738683335,20.853737,g,c4d_140615_231453_ooi_g_ls9
190.6593520482027,-26.709856074655015,56823.967738683335,21.09257,g,c4d_140615_231453_ooi_g_ls9
190.65935728393055,-26.70985365447692,56823.968406564556,21.098589,g,c4d_140615_231553_ooi_g_ls9
190.65588160167462,-26.73104713740935,56823.968406564556,20.979239,g,c4d_140615_231553_ooi_g_ls9
190.65583888443348,-26.73106438409582,56823.969088939484,20.863882,g,c4d_140615_231623_ooi_g_v1
190.65933384348227,-26.709805085968707,56823.969088939484,20.844084,g,c4d_140615_231623_ooi_g_v1
190.6593466214369,-26.709851430631844,56823.96946639661,20.954092,g,c4d_140615_231655_ooi_g_v1
190.65935627704383,-26.70984563403672,56823.969833076466,20.960598,g,c4d_140615_231727_ooi_g_v1
190.65933492583017,-26.709851722126224,56823.971136430744,20.620928,r,c4d_140615_231949_ooi_r_ls9
190.67173638481185,-26.712465345707663,56823.971136430744,20.288923,r,c4d_140615_231949_ooi_r_ls9
190.67260947571577,-26.721412561573036,56823.9718072284,21.04933,r,c4d_140615_232046_ooi_r_ls9
190.6593683303202,-26.709861565532695,56823.9718072284,20.740314,r,c4d_140615_232046_ooi_r_ls9
190.67175192446524,-26.712474123628684,56823.9718072284,20.305918,r,c4d_140615_232046_ooi_r_ls9
190.65935738637708,-26.70984120038005,56823.97249017935,20.551077,r,c4d_140615_232144_ooi_r_ls9
190.67171823742515,-26.712466936737542,56823.97249017935,20.262959,r,c4d_140615_232144_ooi_r_ls9
190.67260840078296,-26.721450519609636,56823.97249017935,21.179968,r,c4d_140615_232144_ooi_r_ls9
190.65931100686242,-26.70988422001732,56823.973159512505,20.79573,r,c4d_140615_232215_ooi_r_v1
190.67172813977783,-26.712493030480285,56823.973159512505,20.33991,r,c4d_140615_232215_ooi_r_v1
190.65934673836463,-26.70986093216712,56823.97351373453,20.524046,r,c4d_140615_232247_ooi_r_v1
190.6717050450627,-26.71248404292141,56823.97351373453,20.437584,r,c4d_140615_232247_ooi_r_v1
190.65936757536952,-26.709844664968266,56823.97389161913,20.641645,r,c4d_140615_232320_ooi_r_v1
190.66786221829238,-26.715690669357148,56823.975168826524,20.729666,i,c4d_140615_232536_ooi_i_v1
190.65938275803188,-26.70986154654956,56823.975168826524,20.52956,i,c4d_140615_232536_ooi_i_v1
190.65248029491968,-26.73268556138451,56823.975168826524,20.686594,i,c4d_140615_232536_ooi_i_v1
190.6726247474246,-26.721449913895587,56823.975168826524,20.237684,i,c4d_140615_232536_ooi_i_v1
190.65936849545278,-26.709836133665366,56823.975845912006,20.404783,i,c4d_140615_232636_ooi_i_v1
190.66783912318618,-26.71566503626537,56823.975845912006,20.655045,i,c4d_140615_232636_ooi_i_v1
190.6552252299028,-26.726985249622707,56823.975845912006,20.965322,i,c4d_140615_232636_ooi_i_v1
190.67254688340174,-26.721480339200177,56823.975845912006,20.240118,i,c4d_140615_232636_ooi_i_v1
190.6524039492185,-26.73264606949614,56823.975845912006,20.713636,i,c4d_140615_232636_ooi_i_v1
190.653268973839,-26.733628776405563,56823.976531971246,20.9596,i,c4d_140615_232732_ooi_i_v1
190.6782149714349,-26.728808748008436,56823.976531971246,21.188923,i,c4d_140615_232732_ooi_i_v1
190.67260783269217,-26.72144222481635,56823.976531971246,20.475616,i,c4d_140615_232732_ooi_i_v1
190.66787800037494,-26.715693281943636,56823.976531971246,20.407625,i,c4d_140615_232732_ooi_i_v1
190.659314737191,-26.709873951082336,56823.976531971246,20.493315,i,c4d_140615_232732_ooi_i_v1
190.65245991481603,-26.73268983918362,56823.976531971246,20.724476,i,c4d_140615_232732_ooi_i_v1
190.6593567941703,-26.709862701129527,56823.97720948374,20.687105,i,c4d_140615_232807_ooi_i_v1
190.6725929440598,-26.72144827045869,56823.97720948374,20.582653,i,c4d_140615_232807_ooi_i_v1
190.6678718923634,-26.715726062312623,56823.97720948374,21.094553,i,c4d_140615_232807_ooi_i_v1
190.6593606323254,-26.709826580856102,56823.977574461605,20.45996,i,c4d_140615_232837_ooi_i_v1
190.6678625313591,-26.715654395542938,56823.977574461605,20.291645,i,c4d_140615_232837_ooi_i_v1
190.6524022314414,-26.732642761652656,56823.9779449231,20.77382,i,c4d_140615_232909_ooi_i_v1
190.65935880315206,-26.70984005860922,56823.9779449231,20.803694,i,c4d_140615_232909_ooi_i_v1
190.6678937080662,-26.715695167669793,56823.9779449231,20.303215,i,c4d_140615_232909_ooi_i_v1
190.67265894244858,-26.721418407443355,56823.9779449231,20.464912,i,c4d_140615_232909_ooi_i_v1
190.652381437326,-26.728218130918314,56823.979262267705,20.79748,z,c4d_140615_233130_ooi_z_ls9
190.6593198960214,-26.709817413729898,56823.979262267705,20.537973,z,c4d_140615_233130_ooi_z_ls9
190.6574013880949,-26.719489903880046,56823.979262267705,21.060371,z,c4d_140615_233130_ooi_z_ls9
190.67821533897902,-26.728793441987083,56823.979262267705,20.624645,z,c4d_140615_233130_ooi_z_ls9
190.6552751790199,-26.727015491261454,56823.979262267705,20.937695,z,c4d_140615_233130_ooi_z_ls9
190.65326942545184,-26.73356451236368,56823.979262267705,20.805285,z,c4d_140615_233130_ooi_z_ls9
190.6524148643314,-26.732693531986392,56823.979262267705,20.261042,z,c4d_140615_233130_ooi_z_ls9
190.67097797704633,-26.72928341487346,56823.97992483806,20.838387,z,c4d_140615_233229_ooi_z_ls9
190.6686803465443,-26.726863596975257,56823.97992483806,20.963377,z,c4d_140615_233229_ooi_z_ls9
190.6611698384354,-26.733515508760867,56823.97992483806,20.670633,z,c4d_140615_233229_ooi_z_ls9
190.65932965010722,-26.709837705180902,56823.97992483806,20.478117,z,c4d_140615_233229_ooi_z_ls9
190.65526886025782,-26.727047314981306,56823.97992483806,20.790297,z,c4d_140615_233229_ooi_z_ls9
190.6782294709791,-26.728775348873793,56823.97992483806,20.719213,z,c4d_140615_233229_ooi_z_ls9
190.65324244845664,-26.733549285213893,56823.97992483806,20.385332,z,c4d_140615_233229_ooi_z_ls9
190.65524455423255,-26.727050802451604,56823.98060441576,20.8036,z,c4d_140615_233327_ooi_z_ls9
190.65933616594236,-26.709848626007197,56823.98060441576,20.778406,z,c4d_140615_233327_ooi_z_ls9
190.67825660992295,-26.728780151171758,56823.98060441576,20.676811,z,c4d_140615_233327_ooi_z_ls9
190.66788473347032,-26.71568030881726,56823.98128303932,20.234934,z,c4d_140615_233358_ooi_z_v1
190.66785992950201,-26.715655000129978,56823.98206842225,20.337313,z,c4d_140615_233506_ooi_z_v1
190.6781455657451,-26.72877700084119,56823.983393419534,20.452835,Y,c4d_140615_233756_ooi_Y_v1
190.67817972478792,-26.72881115430981,56823.98441864131,20.357626,Y,c4d_140615_233927_ooi_Y_v1
190.67264561900072,-26.721455507949546,56823.98441864131,20.459383,Y,c4d_140615_233927_ooi_Y_v1
190.65933589468617,-26.709833226667207,56829.96353417775,20.89564,g,c4d_140621_230849_ooi_g_ls9
190.65583552186266,-26.73097486771323,56829.96421200596,20.950476,g,c4d_140621_230948_ooi_g_ls9
190.65934751061576,-26.709835676308774,56829.96421200596,21.026169,g,c4d_140621_230948_ooi_g_ls9
190.65583184532613,-26.730993903557092,56829.96488166554,20.991495,g,c4d_140621_231045_ooi_g_ls9
190.65935281425158,-26.709837873870537,56829.96488166554,21.034967,g,c4d_140621_231045_ooi_g_ls9
190.65933149341961,-26.709851505479552,56829.965556202456,20.43964,r,c4d_140621_231120_ooi_r_v1
190.67172073502343,-26.712478762045922,56829.965556202456,20.56573,r,c4d_140621_231120_ooi_r_v1
190.6717214901674,-26.712457650004712,56829.965920988005,20.319439,r,c4d_140621_231152_ooi_r_v1
190.65935126838622,-26.70981481669301,56829.965920988005,20.468548,r,c4d_140621_231152_ooi_r_v1
190.6593499490716,-26.709864491300905,56829.9662818457,20.68616,r,c4d_140621_231221_ooi_r_v1
190.67172070048963,-26.7124528759249,56829.96664748434,20.363111,r,c4d_140621_231320_ooi_r_ls9
190.67257678929082,-26.721402285171308,56829.96664748434,21.029245,r,c4d_140621_231320_ooi_r_ls9
190.6593424810166,-26.70983423776385,56829.96664748434,20.676107,r,c4d_140621_231320_ooi_r_ls9
190.65247078400446,-26.732661050248094,56829.96664748434,21.185848,r,c4d_140621_231320_ooi_r_ls9
190.65119202922347,-26.73353796473034,56829.96664748434,21.163036,r,c4d_140621_231320_ooi_r_ls9
190.67172476986804,-26.712468737490923,56829.967328398954,20.36279,r,c4d_140621_231421_ooi_r_ls9
190.6726137961383,-26.721450136882005,56829.967328398954,21.083431,r,c4d_140621_231421_ooi_r_ls9
190.6593407828834,-26.709829911130743,56829.967328398954,20.556326,r,c4d_140621_231421_ooi_r_ls9
190.66478293671443,-26.726841368863077,56829.967328398954,21.167831,r,c4d_140621_231421_ooi_r_ls9
190.66785179493675,-26.715691051618247,56829.967328398954,21.172327,r,c4d_140621_231421_ooi_r_ls9
190.672604935624,-26.721458501490606,56829.968004212715,21.05807,r,c4d_140621_231520_ooi_r_ls9
190.65935619418514,-26.709844883069927,56829.968004212715,20.69821,r,c4d_140621_231520_ooi_r_ls9
190.65236748332978,-26.73262940405049,56829.968004212715,21.190596,r,c4d_140621_231520_ooi_r_ls9
190.67172030369395,-26.712456518981195,56829.968004212715,20.329075,r,c4d_140621_231520_ooi_r_ls9
190.65242466673604,-26.728217687739072,56829.97109697852,20.328302,Y,c4d_140621_232017_ooi_Y_v1
190.661195665874,-26.73350832910566,56829.97109697852,20.713827,Y,c4d_140621_232017_ooi_Y_v1
190.67099703121326,-26.729335527509647,56829.97109697852,20.736074,Y,c4d_140621_232017_ooi_Y_v1
190.65328883566008,-26.733560682845706,56829.97109697852,20.353281,Y,c4d_140621_232017_ooi_Y_v1
190.65525937766628,-26.727022047139815,56829.97109697852,20.537603,Y,c4d_140621_232017_ooi_Y_v1
190.6574225624081,-26.719494817237845,56829.97109697852,20.48736,Y,c4d_140621_232017_ooi_Y_v1
190.65932309127265,-26.70983561323798,56829.97109697852,20.547976,Y,c4d_140621_232017_ooi_Y_v1
190.67820554901118,-26.728808394093512,56829.97109697852,20.533613,Y,c4d_140621_232017_ooi_Y_v1
190.65239088895413,-26.728248050311862,56829.972112793475,20.325258,Y,c4d_140621_232143_ooi_Y_v1
190.65524451090067,-26.727031459998088,56829.972112793475,20.676336,Y,c4d_140621_232143_ooi_Y_v1
190.6611808847635,-26.733500957260606,56829.972112793475,20.515097,Y,c4d_140621_232143_ooi_Y_v1
190.65874601236902,-26.733275818219486,56829.972112793475,21.043638,Y,c4d_140621_232143_ooi_Y_v1
190.65330428030293,-26.73355724925525,56829.972112793475,20.40235,Y,c4d_140621_232143_ooi_Y_v1
190.65742373440722,-26.719454026681884,56829.972112793475,20.520647,Y,c4d_140621_232143_ooi_Y_v1
190.6782022944041,-26.72876991110827,56829.972112793475,20.315863,Y,c4d_140621_232143_ooi_Y_v1
190.67094564060184,-26.72929524528178,56829.972112793475,20.35217,Y,c4d_140621_232143_ooi_Y_v1
190.65742006115494,-26.719475937363747,56829.973130712286,20.55635,Y,c4d_140621_232312_ooi_Y_v1
190.65526665530993,-26.727073677392866,56829.973130712286,20.588833,Y,c4d_140621_232312_ooi_Y_v1
190.6524569042699,-26.732669060240774,56829.973130712286,20.348286,Y,c4d_140621_232312_ooi_Y_v1
190.65236303186856,-26.728232303650138,56829.973130712286,20.339657,Y,c4d_140621_232312_ooi_Y_v1
190.66116888494028,-26.733511460313082,56829.973130712286,20.774433,Y,c4d_140621_232312_ooi_Y_v1
190.67099299009408,-26.72925641539173,56829.973130712286,20.61943,Y,c4d_140621_232312_ooi_Y_v1
190.67822522403912,-26.728814242230104,56829.9757842985,20.221415,z,c4d_140621_232604_ooi_z_v1
190.65238299059288,-26.732735617505906,56829.9757842985,20.446133,z,c4d_140621_232604_ooi_z_v1
190.65936100077096,-26.70987940185243,56829.9757842985,20.542973,z,c4d_140621_232604_ooi_z_v1
190.67818505506563,-26.72879231882618,56829.97615554556,20.884695,z,c4d_140621_232638_ooi_z_v1
190.65933336763092,-26.709827337516156,56829.97615554556,20.524696,z,c4d_140621_232638_ooi_z_v1
190.66785817150983,-26.715666778932615,56829.97615554556,20.230227,z,c4d_140621_232638_ooi_z_v1
190.66112001767993,-26.733526265065116,56829.976530368906,20.667807,z,c4d_140621_232707_ooi_z_v1
190.66122093041406,-26.73348562224704,56829.976895056665,20.556612,z,c4d_140621_232807_ooi_z_ls9
190.65933376550313,-26.709840635167225,56829.976895056665,20.280104,z,c4d_140621_232807_ooi_z_ls9
190.65739383535347,-26.71946851908774,56829.976895056665,20.682312,z,c4d_140621_232807_ooi_z_ls9
190.6552410473988,-26.72704098786309,56829.976895056665,20.600397,z,c4d_140621_232807_ooi_z_ls9
190.65325838134294,-26.73356807995836,56829.976895056665,20.585403,z,c4d_140621_232807_ooi_z_ls9
190.6523964263049,-26.72819237732523,56829.976895056665,20.49237,z,c4d_140621_232807_ooi_z_ls9
190.67820113974037,-26.72879652599789,56829.976895056665,20.74261,z,c4d_140621_232807_ooi_z_ls9
190.67098939286507,-26.729301236446965,56829.976895056665,20.646446,z,c4d_140621_232807_ooi_z_ls9
190.6524171891112,-26.728218839312962,56829.977570492774,20.541079,z,c4d_140621_232907_ooi_z_ls9
190.66119601598803,-26.73352810368762,56829.977570492774,20.65733,z,c4d_140621_232907_ooi_z_ls9
190.65934444810054,-26.709838368506748,56829.977570492774,20.483438,z,c4d_140621_232907_ooi_z_ls9
190.65742387016147,-26.71943584514973,56829.977570492774,20.7001,z,c4d_140621_232907_ooi_z_ls9
190.6552273633597,-26.727039704045485,56829.977570492774,20.814072,z,c4d_140621_232907_ooi_z_ls9
190.65324808177033,-26.73355773010565,56829.977570492774,20.929209,z,c4d_140621_232907_ooi_z_ls9
190.65248601015085,-26.73264540614995,56829.977570492774,20.262348,z,c4d_140621_232907_ooi_z_ls9
190.66868470198716,-26.726871734923257,56829.977570492774,21.098186,z,c4d_140621_232907_ooi_z_ls9
190.67102525672155,-26.729260227225964,56829.977570492774,20.842342,z,c4d_140621_232907_ooi_z_ls9
190.67821995084515,-26.728786918606563,56829.977570492774,20.571121,z,c4d_140621_232907_ooi_z_ls9
190.65239648654523,-26.728164550025653,56829.97824663296,20.744734,z,c4d_140621_233003_ooi_z_ls9
190.67824380538417,-26.728770081933835,56829.97824663296,20.509418,z,c4d_140621_233003_ooi_z_ls9
190.67095690637177,-26.729281395986206,56829.97824663296,20.85015,z,c4d_140621_233003_ooi_z_ls9
190.66121975630816,-26.733470140673848,56829.97824663296,20.878662,z,c4d_140621_233003_ooi_z_ls9
190.65934232002542,-26.709838772221282,56829.97824663296,20.347368,z,c4d_140621_233003_ooi_z_ls9
190.65744290584675,-26.71945545498699,56829.97824663296,20.70979,z,c4d_140621_233003_ooi_z_ls9
190.6552630409389,-26.727015688905784,56829.97824663296,20.64566,z,c4d_140621_233003_ooi_z_ls9
190.6532452716899,-26.73352081047336,56829.97824663296,20.880264,z,c4d_140621_233003_ooi_z_ls9
190.65247420923563,-26.732618599350587,56829.97824663296,20.392893,z,c4d_140621_233003_ooi_z_ls9
190.65114709793016,-26.733518099971093,56829.97824663296,20.924765,z,c4d_140621_233003_ooi_z_ls9
190.6593166325275,-26.70983349657532,56829.98292832263,20.21506,i,c4d_140621_233621_ooi_i_v1
190.6678659326972,-26.71568022044742,56829.98329419643,20.47197,i,c4d_140621_233656_ooi_i_v1
190.6593604565725,-26.70985812931717,56829.98329419643,20.562183,i,c4d_140621_233656_ooi_i_v1
190.6593562302485,-26.70983543568681,57096.31785494462,20.618408,r,c4d_150315_073903_ooi_r_ls9
190.67170726404208,-26.71244988255419,57096.31785494462,20.330343,r,c4d_150315_073903_ooi_r_ls9
190.67260648111247,-26.721434115172038,57096.3185364618,21.017412,r,c4d_150315_074034_ooi_r_ls9
190.67171128879997,-26.712457823666217,57096.3185364618,20.33486,r,c4d_150315_074034_ooi_r_ls9
190.659344573271,-26.709830717549394,57096.3185364618,20.571493,r,c4d_150315_074034_ooi_r_ls9
190.66784500553462,-26.71564068179861,57096.31956888316,20.36136,i,c4d_150315_074203_ooi_i_v1
190.67093090021967,-26.729290760850898,57096.31956888316,21.159876,i,c4d_150315_074203_ooi_i_v1
190.65934500998583,-26.709827717981614,57096.31956888316,20.419916,i,c4d_150315_074203_ooi_i_v1
190.65524864591305,-26.727023930647338,57096.31956888316,21.080603,i,c4d_150315_074203_ooi_i_v1
190.6532548907731,-26.733543823185574,57096.31956888316,21.075117,i,c4d_150315_074203_ooi_i_v1
190.6524037551,-26.728196317011694,57096.31956888316,21.159185,i,c4d_150315_074203_ooi_i_v1
190.65121529170307,-26.733530031949044,57096.31956888316,21.196455,i,c4d_150315_074203_ooi_i_v1
190.652457570916,-26.732694782577376,57096.31956888316,20.557287,i,c4d_150315_074203_ooi_i_v1
190.67259778870502,-26.721437464313382,57096.31956888316,20.290781,i,c4d_150315_074203_ooi_i_v1
190.670935102829,-26.729286076507357,57096.32059480809,20.516657,z,c4d_150315_074332_ooi_z_ls9
190.67823929333514,-26.72878724534153,57096.32059480809,20.626623,z,c4d_150315_074332_ooi_z_ls9
190.67346334695688,-26.718400757833855,57096.32059480809,20.946787,z,c4d_150315_074332_ooi_z_ls9
190.66867528630468,-26.72684736042503,57096.32059480809,20.931223,z,c4d_150315_074332_ooi_z_ls9
190.6611783176723,-26.733499993720685,57096.32059480809,20.583189,z,c4d_150315_074332_ooi_z_ls9
190.65935524013477,-26.70982814013716,57096.32059480809,20.351274,z,c4d_150315_074332_ooi_z_ls9
190.65740977655165,-26.719480107926476,57096.32059480809,20.659914,z,c4d_150315_074332_ooi_z_ls9
190.6552601960981,-26.727039988318115,57096.32059480809,20.665659,z,c4d_150315_074332_ooi_z_ls9
190.65327504531587,-26.733550344950757,57096.32059480809,20.521086,z,c4d_150315_074332_ooi_z_ls9
190.65240261521387,-26.728230951683173,57096.32059480809,20.226164,z,c4d_150315_074332_ooi_z_ls9
190.6511931095381,-26.733511850686167,57096.32059480809,21.169035,z,c4d_150315_074332_ooi_z_ls9
190.659347669851,-26.70983310920027,57096.321630702354,20.623234,r,c4d_150315_074501_ooi_r_ls9
190.67258070139732,-26.72145459512154,57096.321630702354,21.165716,r,c4d_150315_074501_ooi_r_ls9
190.65934724896618,-26.709829644315185,57096.322659863625,20.427025,i,c4d_150315_074626_ooi_i_v1
190.655260273117,-26.727029704931912,57096.322659863625,21.157417,i,c4d_150315_074626_ooi_i_v1
190.65326332056998,-26.73354692442437,57096.322659863625,20.969433,i,c4d_150315_074626_ooi_i_v1
190.67260459167056,-26.721444781958372,57096.322659863625,20.342894,i,c4d_150315_074626_ooi_i_v1
190.6524012088323,-26.73266640916205,57096.322659863625,20.503847,i,c4d_150315_074626_ooi_i_v1
190.65239201246612,-26.72821354583782,57096.322659863625,20.929016,i,c4d_150315_074626_ooi_i_v1
190.66786153255168,-26.715613410450814,57096.322659863625,20.451857,i,c4d_150315_074626_ooi_i_v1
190.66121044084394,-26.7334831893744,57096.323690062854,20.489271,z,c4d_150315_074800_ooi_z_ls9
190.67822694755074,-26.728778448672717,57096.323690062854,20.637007,z,c4d_150315_074800_ooi_z_ls9
190.67346863785187,-26.718389821716467,57096.323690062854,21.104948,z,c4d_150315_074800_ooi_z_ls9
190.67094777378497,-26.72926037463125,57096.323690062854,20.850405,z,c4d_150315_074800_ooi_z_ls9
190.66871213587058,-26.72686226447102,57096.323690062854,20.921408,z,c4d_150315_074800_ooi_z_ls9
190.65934614519426,-26.709837167772587,57096.323690062854,20.379625,z,c4d_150315_074800_ooi_z_ls9
190.65741396500275,-26.7194801607441,57096.323690062854,20.894537,z,c4d_150315_074800_ooi_z_ls9
190.65526790111596,-26.727025683872252,57096.323690062854,20.716074,z,c4d_150315_074800_ooi_z_ls9
190.65327862416342,-26.733542783474533,57096.323690062854,20.532354,z,c4d_150315_074800_ooi_z_ls9
190.65121285355212,-26.733514734491088,57096.323690062854,20.96903,z,c4d_150315_074800_ooi_z_ls9
190.67171562612432,-26.71245030973396,57096.327787436545,20.30142,r,c4d_150315_075717_ooi_r_ls9
190.67259884319833,-26.721446193254216,57096.327787436545,21.100536,r,c4d_150315_075717_ooi_r_ls9
190.65935280414206,-26.70982909121119,57096.327787436545,20.588116,r,c4d_150315_075717_ooi_r_ls9
190.67260096993277,-26.721442751123266,57096.331215049606,21.161037,r,c4d_150315_080216_ooi_r_ls9
190.65934908826003,-26.7098260713049,57096.331215049606,20.572012,r,c4d_150315_080216_ooi_r_ls9
190.6717158726272,-26.71244720426624,57096.331215049606,20.319876,r,c4d_150315_080216_ooi_r_ls9
190.65934564321262,-26.70982650990641,57096.33462744672,20.593756,r,c4d_150315_080708_ooi_r_ls9
190.67259006709864,-26.721445857851734,57096.33462744672,21.141855,r,c4d_150315_080708_ooi_r_ls9
190.67172091587554,-26.712448843252215,57096.33462744672,20.309427,r,c4d_150315_080708_ooi_r_ls9
190.6512152531212,-26.73354260604307,57096.3380496474,21.185163,i,c4d_150315_081318_ooi_i_v1
190.67260156900625,-26.721451901064842,57096.3380496474,20.324621,i,c4d_150315_081318_ooi_i_v1
190.6678432293179,-26.715600989013296,57096.3380496474,20.356009,i,c4d_150315_081318_ooi_i_v1
190.6593502470967,-26.70983305779113,57096.3380496474,20.43218,i,c4d_150315_081318_ooi_i_v1
190.6552471184131,-26.7270295700789,57096.3380496474,21.150335,i,c4d_150315_081318_ooi_i_v1
190.65327121628744,-26.733536979329724,57096.3380496474,20.950857,i,c4d_150315_081318_ooi_i_v1
190.65244996153467,-26.732703814731142,57096.3380496474,20.50628,i,c4d_150315_081318_ooi_i_v1
190.65240782700158,-26.728200382836004,57096.3380496474,20.789248,i,c4d_150315_081318_ooi_i_v1
190.6725976344289,-26.72144104674278,57096.342230120674,20.343163,i,c4d_150315_081914_ooi_i_v1
190.65120614139641,-26.7335484931482,57096.342230120674,21.112919,i,c4d_150315_081914_ooi_i_v1
190.65239671822812,-26.72819728063421,57096.342230120674,20.736273,i,c4d_150315_081914_ooi_i_v1
190.65234500561468,-26.732650186352615,57096.342230120674,20.4273,i,c4d_150315_081914_ooi_i_v1
190.6532684086406,-26.733544635851334,57096.342230120674,20.88426,i,c4d_150315_081914_ooi_i_v1
190.6593478655352,-26.70983002873894,57096.342230120674,20.432894,i,c4d_150315_081914_ooi_i_v1
190.66784911011584,-26.71561426327104,57096.342230120674,20.431812,i,c4d_150315_081914_ooi_i_v1
190.6552639998307,-26.72702997881331,57096.34642048227,21.1556,i,c4d_150315_082514_ooi_i_v1
190.6726005535356,-26.721444477681313,57096.34642048227,20.293459,i,c4d_150315_082514_ooi_i_v1
190.66784067939855,-26.715610465636107,57096.34642048227,20.399261,i,c4d_150315_082514_ooi_i_v1
190.6593448654957,-26.709824465917084,57096.34642048227,20.421572,i,c4d_150315_082514_ooi_i_v1
190.65120689536738,-26.73355106005184,57096.34642048227,21.123098,i,c4d_150315_082514_ooi_i_v1
190.65239171555007,-26.728193054382622,57096.34642048227,20.7879,i,c4d_150315_082514_ooi_i_v1
190.6523647670124,-26.732654226796388,57096.34642048227,20.36121,i,c4d_150315_082514_ooi_i_v1
190.65326044222402,-26.733553847918497,57096.34642048227,21.019659,i,c4d_150315_082514_ooi_i_v1
190.65326648599398,-26.733532153942484,57096.35062624188,20.51365,z,c4d_150315_083119_ooi_z_ls9
190.651200459469,-26.733537249768435,57096.35062624188,20.89593,z,c4d_150315_083119_ooi_z_ls9
190.66869277674763,-26.72685701861335,57096.35062624188,20.966215,z,c4d_150315_083119_ooi_z_ls9
190.66120093611787,-26.733477566486407,57096.35062624188,20.690132,z,c4d_150315_083119_ooi_z_ls9
190.6593546665522,-26.70982628811595,57096.35062624188,20.343088,z,c4d_150315_083119_ooi_z_ls9
190.6574387676136,-26.719473561600882,57096.35062624188,20.65657,z,c4d_150315_083119_ooi_z_ls9
190.67096240957716,-26.729281888272528,57096.35062624188,20.825335,z,c4d_150315_083119_ooi_z_ls9
190.6782272630512,-26.728782312379018,57096.35062624188,20.664206,z,c4d_150315_083119_ooi_z_ls9
190.6552609563442,-26.727026448396156,57096.35062624188,20.6618,z,c4d_150315_083119_ooi_z_ls9
190.6709656159099,-26.729291156192236,57096.354804749135,20.846186,z,c4d_150315_083718_ooi_z_ls9
190.65123092708245,-26.733552598883414,57096.354804749135,21.072176,z,c4d_150315_083718_ooi_z_ls9
190.65327187323194,-26.733534187109186,57096.354804749135,20.492985,z,c4d_150315_083718_ooi_z_ls9
190.6552642503714,-26.72703182090948,57096.354804749135,20.76321,z,c4d_150315_083718_ooi_z_ls9
190.65742684949404,-26.71947381484367,57096.354804749135,20.670073,z,c4d_150315_083718_ooi_z_ls9
190.65935246748438,-26.709826255140094,57096.354804749135,20.370039,z,c4d_150315_083718_ooi_z_ls9
190.6611937193349,-26.733486524966384,57096.354804749135,20.71403,z,c4d_150315_083718_ooi_z_ls9
190.66869899556806,-26.72684255403173,57096.354804749135,20.996576,z,c4d_150315_083718_ooi_z_ls9
190.67822157318525,-26.728776872711755,57096.354804749135,20.608807,z,c4d_150315_083718_ooi_z_ls9
190.65122524473622,-26.733567937190127,57096.35898090433,20.98894,z,c4d_150315_084321_ooi_z_ls9
190.65743347230324,-26.71947788769445,57096.35898090433,20.694708,z,c4d_150315_084321_ooi_z_ls9
190.65935341569443,-26.70981880463835,57096.35898090433,20.393236,z,c4d_150315_084321_ooi_z_ls9
190.6612038521475,-26.733485104173827,57096.35898090433,20.597315,z,c4d_150315_084321_ooi_z_ls9
190.66868877822387,-26.726847163548335,57096.35898090433,20.891367,z,c4d_150315_084321_ooi_z_ls9
190.67097302830294,-26.729271522744675,57096.35898090433,20.837442,z,c4d_150315_084321_ooi_z_ls9
190.6782369161719,-26.72878271754491,57096.35898090433,20.609634,z,c4d_150315_084321_ooi_z_ls9
190.65526089152027,-26.72702986511618,57096.35898090433,20.701681,z,c4d_150315_084321_ooi_z_ls9
190.65327944752457,-26.73353651244507,57096.35898090433,20.46517,z,c4d_150315_084321_ooi_z_ls9
190.65580295731664,-26.73100076900036,57098.31960727181,20.984985,g,c4d_150317_074134_ooi_g_ls9
190.65934174384103,-26.709840538559963,57098.31960727181,20.996841,g,c4d_150317_074134_ooi_g_ls9
190.65933580669105,-26.709824469179463,57098.32028814498,20.968653,g,c4d_150317_074303_ooi_g_ls9
190.65583867122123,-26.730997888815224,57098.32028814498,20.902254,g,c4d_150317_074303_ooi_g_ls9
190.65584606146848,-26.730981250657173,57098.32321765926,20.909777,g,c4d_150317_074718_ooi_g_ls9
190.6593445770685,-26.709839382857673,57098.32321765926,20.976366,g,c4d_150317_074718_ooi_g_ls9
190.65584005932268,-26.73099029814878,57098.327301138546,20.892832,g,c4d_150317_075636_ooi_g_ls9
190.66423119618358,-26.72476863687327,57098.327301138546,20.542536,g,c4d_150317_075636_ooi_g_ls9
190.6703148325994,-26.732576037305652,57098.327301138546,21.114666,g,c4d_150317_075636_ooi_g_ls9
190.65934518536906,-26.70982775549515,57098.327301138546,20.978998,g,c4d_150317_075636_ooi_g_ls9
190.65934729342712,-26.70982581788649,57098.33072328288,20.993242,g,c4d_150317_080132_ooi_g_ls9
190.65584329990162,-26.73099925790649,57098.33072328288,20.828161,g,c4d_150317_080132_ooi_g_ls9
190.65584315513763,-26.731006594325702,57098.33412920032,20.917204,g,c4d_150317_080629_ooi_g_ls9
190.65934316205903,-26.709834823940714,57098.33412920032,20.993378,g,c4d_150317_080629_ooi_g_ls9
190.6632628537989,-26.725094068225097,57821.12422740413,20.297386,u,c4d_170309_030042_ooi_u_v1
190.65591702027388,-26.730992308737985,57821.12526922859,21.1003,g,c4d_170309_030214_ooi_g_v1
190.65935845630813,-26.709830694965717,57821.12526922859,20.845558,g,c4d_170309_030214_ooi_g_v1
190.6647599388344,-26.72686853871856,57821.126317330636,20.991821,r,c4d_170309_030343_ooi_r_v1
190.6593498912014,-26.709824211835464,57821.126317330636,20.577345,r,c4d_170309_030343_ooi_r_v1
190.6725849730892,-26.72143649735226,57821.126317330636,21.059784,r,c4d_170309_030343_ooi_r_v1
190.67170935867068,-26.7124410570308,57821.126317330636,20.332355,r,c4d_170309_030343_ooi_r_v1
190.67259741936337,-26.721466764817404,57821.12734434428,20.427261,i,c4d_170309_030513_ooi_i_v1
190.6524567622252,-26.73269490930207,57821.12734434428,20.622253,i,c4d_170309_030513_ooi_i_v1
190.65329548176925,-26.733562328323956,57821.12734434428,21.152401,i,c4d_170309_030513_ooi_i_v1
190.667874336558,-26.71565150269864,57821.12734434428,20.506096,i,c4d_170309_030513_ooi_i_v1
190.65244041896904,-26.728266472749027,57821.12734434428,20.66423,i,c4d_170309_030513_ooi_i_v1
190.6593488677284,-26.70982677278822,57821.12734434428,20.394835,i,c4d_170309_030513_ooi_i_v1
190.67097445708245,-26.72925927480034,57821.12837520754,20.91756,z,c4d_170309_030645_ooi_z_v1
190.6574106846264,-26.719456529231614,57821.12837520754,20.815617,z,c4d_170309_030645_ooi_z_v1
190.65526944074145,-26.7270082859852,57821.12837520754,20.626186,z,c4d_170309_030645_ooi_z_v1
190.65327533815346,-26.7335578713655,57821.12837520754,20.650246,z,c4d_170309_030645_ooi_z_v1
190.65124304112433,-26.7334597205585,57821.12837520754,21.147232,z,c4d_170309_030645_ooi_z_v1
190.6612087242879,-26.733525038030972,57821.12837520754,20.8404,z,c4d_170309_030645_ooi_z_v1
190.66870582474962,-26.72686985873009,57821.12837520754,20.933987,z,c4d_170309_030645_ooi_z_v1
190.67343777180855,-26.71834979138238,57821.12837520754,21.156883,z,c4d_170309_030645_ooi_z_v1
190.67821706342053,-26.72878604180282,57821.12837520754,20.566105,z,c4d_170309_030645_ooi_z_v1
190.65934909813504,-26.709842569361772,57821.12837520754,20.466885,z,c4d_170309_030645_ooi_z_v1
190.6558829528,-26.730965611538608,57831.05208411859,20.928574,g,c4d_170319_011635_ooi_g_v1
190.6593548779278,-26.70983655399929,57831.05208411859,21.065248,g,c4d_170319_011635_ooi_g_v1
190.65585382732309,-26.73098388331022,57831.05296394555,20.865892,g,c4d_170319_011753_ooi_g_v1
190.6593456115259,-26.709824474019417,57831.05296394555,20.967798,g,c4d_170319_011753_ooi_g_v1
190.65933975809816,-26.709830929560578,57831.0538292774,20.468613,i,c4d_170319_011906_ooi_i_v1
190.65245628111643,-26.728218119434516,57831.0538292774,20.964556,i,c4d_170319_011906_ooi_i_v1
190.65244711698193,-26.732701041464523,57831.0538292774,20.722233,i,c4d_170319_011906_ooi_i_v1
190.6532915716534,-26.73353946560068,57831.0538292774,20.903828,i,c4d_170319_011906_ooi_i_v1
190.65747052007728,-26.719479807633057,57831.0538292774,21.09602,i,c4d_170319_011906_ooi_i_v1
190.66786702354582,-26.715657752052774,57831.0538292774,20.485237,i,c4d_170319_011906_ooi_i_v1
190.67258346593837,-26.72144632905925,57831.0538292774,20.3839,i,c4d_170319_011906_ooi_i_v1
190.65931820367135,-26.70984843285048,58205.03019249393,20.45088,r,c4d_180328_004328_ooi_r_v1
190.66782725324933,-26.715652516307124,58205.030570644885,20.701347,i,c4d_180328_004401_ooi_i_v1
190.65935484422008,-26.709833166038337,58205.030570644885,20.402952,i,c4d_180328_004401_ooi_i_v1
190.65525014276824,-26.727056715432614,58205.03096261434,20.446495,z,c4d_180328_004435_ooi_z_v1
190.67266991337507,-26.72152093486536,58205.03096261434,20.239729,z,c4d_180328_004435_ooi_z_v1
190.67168232632034,-26.712464072428016,58205.03945591813,20.33489,r,c4d_180328_005648_ooi_r_v1
190.65933420295883,-26.70985161716633,58205.03945591813,20.756016,r,c4d_180328_005648_ooi_r_v1
190.6678502355829,-26.715648924741824,58205.03983555501,20.236523,i,c4d_180328_005721_ooi_i_v1
190.67257519234238,-26.721390721420246,58205.03983555501,20.592293,i,c4d_180328_005721_ooi_i_v1
190.65935920446336,-26.7098332044843,58205.04022501409,20.642223,z,c4d_180328_005755_ooi_z_v1
190.6717022702701,-26.712429032678962,58205.05200621439,20.748438,r,c4d_180328_011453_ooi_r_v1
190.66782636507637,-26.71568525628528,58205.052372359205,20.336872,i,c4d_180328_011524_ooi_i_v1
190.65935991385768,-26.709816219804367,58205.052372359205,20.394144,i,c4d_180328_011524_ooi_i_v1
190.65934494004506,-26.709860729680138,58205.06235282216,20.487856,r,c4d_180328_012947_ooi_r_v1
190.65932662172486,-26.70984390994524,58205.06273251958,20.50909,i,c4d_180328_013020_ooi_i_v1
190.66786463568883,-26.71568199466858,58205.06273251958,20.587736,i,c4d_180328_013020_ooi_i_v1
190.6726236100321,-26.721503420236427,58205.06273251958,20.707144,i,c4d_180328_013020_ooi_i_v1
190.6593562560362,-26.7098361770367,58205.07137904875,20.343962,r,c4d_180328_014247_ooi_r_v1
190.65934711191537,-26.70980921041269,58205.071756779216,20.583809,i,c4d_180328_014319_ooi_i_v1
190.66787305995152,-26.71567295126131,58205.071756779216,20.599163,i,c4d_180328_014319_ooi_i_v1
190.65523192293057,-26.727041296577628,58205.07214749092,20.361206,z,c4d_180328_014353_ooi_z_v1
190.67256623653608,-26.72146734587188,58205.07214749092,20.40108,z,c4d_180328_014353_ooi_z_v1
190.65933152852247,-26.709860122880503,58205.07214749092,20.412048,z,c4d_180328_014353_ooi_z_v1
190.6593115390518,-26.70983294434554,58205.080696992576,20.600054,r,c4d_180328_015612_ooi_r_v1
190.6678672409612,-26.715693978423552,58205.08107003942,20.686733,i,c4d_180328_015644_ooi_i_v1
190.6593427325488,-26.70984460130269,58205.08107003942,20.65141,i,c4d_180328_015644_ooi_i_v1
190.67258891750726,-26.72147235100115,58205.081443823874,20.22196,z,c4d_180328_015716_ooi_z_v1
190.65933910877231,-26.70982860701889,58205.081443823874,20.534714,z,c4d_180328_015716_ooi_z_v1
190.66784742763272,-26.715663387259035,58205.081443823874,20.250862,z,c4d_180328_015716_ooi_z_v1
190.6592547039851,-26.709796990090222,58205.1634842027,20.509592,g,c4d_180328_035525_ooi_g_v1
190.65932627766037,-26.709824345540753,58205.16384434281,20.550312,r,c4d_180328_035556_ooi_r_v1
190.65526991704968,-26.727024794897368,58205.16423465032,21.067886,i,c4d_180328_035629_ooi_i_v1
190.66785066900448,-26.715670379370458,58205.16423465032,20.591019,i,c4d_180328_035629_ooi_i_v1
190.65244817563402,-26.73267701263601,58205.16423465032,21.082771,i,c4d_180328_035629_ooi_i_v1
190.65935377256966,-26.70984156298109,58205.16423465032,20.681551,i,c4d_180328_035629_ooi_i_v1
190.65523103821556,-26.72700668434711,58205.16461457638,20.544657,z,c4d_180328_035702_ooi_z_v1
190.65737002737094,-26.71942990406717,58205.16461457638,20.457718,z,c4d_180328_035702_ooi_z_v1
190.65935542052787,-26.709843291606017,58205.16461457638,20.674019,z,c4d_180328_035702_ooi_z_v1
190.65248947864245,-26.732638710982005,58205.16461457638,20.58581,z,c4d_180328_035702_ooi_z_v1
190.6717027716185,-26.712436973946488,58205.178725236095,20.230396,r,c4d_180328_041721_ooi_r_v1
190.65934574590432,-26.709825031751958,58205.178725236095,20.465076,r,c4d_180328_041721_ooi_r_v1
190.66787085331103,-26.715679607929285,58205.179160584696,20.60989,i,c4d_180328_041759_ooi_i_v1
190.6552216495435,-26.727014801562643,58205.179160584696,20.849998,i,c4d_180328_041759_ooi_i_v1
190.6593475392033,-26.709840698609714,58205.179160584696,20.341576,i,c4d_180328_041759_ooi_i_v1
190.65246744203571,-26.73269819737406,58205.179160584696,20.47938,i,c4d_180328_041759_ooi_i_v1
190.65324619445494,-26.733539631501507,58205.179160584696,21.177357,i,c4d_180328_041759_ooi_i_v1
190.67819768479166,-26.728785258977034,58205.17959260475,20.578775,z,c4d_180328_041836_ooi_z_v1
190.65231721981826,-26.728147904825352,58205.17959260475,20.552608,z,c4d_180328_041836_ooi_z_v1
190.65327740249532,-26.733524425710392,58205.17959260475,20.677544,z,c4d_180328_041836_ooi_z_v1
190.65523987848925,-26.727037107261186,58205.17959260475,20.585903,z,c4d_180328_041836_ooi_z_v1
190.65738623096186,-26.719455608816492,58205.17959260475,20.615656,z,c4d_180328_041836_ooi_z_v1
190.6593578217606,-26.709841751204834,58205.17959260475,20.73338,z,c4d_180328_041836_ooi_z_v1
190.67095216860432,-26.729302871437483,58205.17959260475,21.085587,z,c4d_180328_041836_ooi_z_v1
190.65934755453554,-26.709811347935602,58205.194119769614,20.808462,g,c4d_180328_043931_ooi_g_v1
190.65934622582083,-26.70983622249642,58205.19457262289,20.517801,r,c4d_180328_044011_ooi_r_v1
190.67258661601008,-26.72145272468871,58205.19500240777,20.358183,i,c4d_180328_044048_ooi_i_v1
190.66782768645413,-26.715669601990665,58205.19500240777,20.44608,i,c4d_180328_044048_ooi_i_v1
190.65933184981517,-26.709814248278075,58205.19500240777,20.43378,i,c4d_180328_044048_ooi_i_v1
190.65741686965725,-26.719466977102684,58205.19500240777,21.144009,i,c4d_180328_044048_ooi_i_v1
190.65244413813926,-26.732651875810067,58205.19500240777,20.817373,i,c4d_180328_044048_ooi_i_v1
190.65246249582097,-26.73267796467883,58205.195459749084,20.317371,z,c4d_180328_044127_ooi_z_v1
190.65325177554774,-26.73356136143428,58205.195459749084,20.553024,z,c4d_180328_044127_ooi_z_v1
190.65525041651415,-26.727036191325755,58205.195459749084,20.927507,z,c4d_180328_044127_ooi_z_v1
190.65742278979138,-26.719471929906522,58205.195459749084,20.60299,z,c4d_180328_044127_ooi_z_v1
190.6709878647233,-26.72929090338219,58205.195459749084,21.181433,z,c4d_180328_044127_ooi_z_v1
190.67319748474097,-26.73214325136482,58205.195459749084,21.088947,z,c4d_180328_044127_ooi_z_v1
190.67820386272462,-26.728776311926364,58205.195459749084,20.400887,z,c4d_180328_044127_ooi_z_v1
190.65241636081882,-26.728272261613423,58205.195459749084,20.861076,z,c4d_180328_044127_ooi_z_v1
190.65937028480943,-26.709834503744947,58205.209961201064,20.555473,g,c4d_180328_050220_ooi_g_v1
190.66470831941857,-26.726857643578416,58205.21039652312,21.029177,r,c4d_180328_050258_ooi_r_v1
190.65934711657647,-26.709848964757633,58205.21039652312,20.571339,r,c4d_180328_050258_ooi_r_v1
190.67170725431342,-26.712448724132077,58205.21039652312,20.291384,r,c4d_180328_050258_ooi_r_v1
190.6678516586428,-26.71564657920486,58205.210838668514,20.527187,i,c4d_180328_050336_ooi_i_v1
190.65245113765488,-26.732666185634752,58205.210838668514,20.5797,i,c4d_180328_050336_ooi_i_v1
190.65326503305798,-26.73355995223562,58205.210838668514,20.984568,i,c4d_180328_050336_ooi_i_v1
190.65520253117475,-26.72705794443448,58205.210838668514,21.127945,i,c4d_180328_050336_ooi_i_v1
190.67261460571817,-26.721482558717316,58205.210838668514,20.556688,i,c4d_180328_050336_ooi_i_v1
190.65935605587418,-26.709823289531194,58205.210838668514,20.494087,i,c4d_180328_050336_ooi_i_v1
190.65327775596947,-26.73353630294504,58205.21129231015,20.433764,z,c4d_180328_050415_ooi_z_v1
190.65245117593318,-26.73263486232991,58205.21129231015,20.44053,z,c4d_180328_050415_ooi_z_v1
190.67094064046844,-26.729293624614527,58205.21129231015,20.727552,z,c4d_180328_050415_ooi_z_v1
190.67823881766768,-26.728777090876854,58205.21129231015,20.671616,z,c4d_180328_050415_ooi_z_v1
190.6552746202642,-26.727020013455206,58205.21129231015,21.005463,z,c4d_180328_050415_ooi_z_v1
190.657417989141,-26.719452752654327,58205.21129231015,21.068926,z,c4d_180328_050415_ooi_z_v1
190.65933769309538,-26.70984336842639,58205.21129231015,20.358189,z,c4d_180328_050415_ooi_z_v1
190.66121878631816,-26.733511107316087,58205.21129231015,20.715141,z,c4d_180328_050415_ooi_z_v1
190.66870361078426,-26.72685516219103,58205.21129231015,20.621397,z,c4d_180328_050415_ooi_z_v1
190.65935578029573,-26.709831660135492,58205.2329535489,20.809694,g,c4d_180328_053527_ooi_g_v1
190.67168135669655,-26.712444701719757,58205.233391187154,20.31584,r,c4d_180328_053604_ooi_r_v1
190.65934836137174,-26.709852469544323,58205.233391187154,20.459959,r,c4d_180328_053604_ooi_r_v1
190.6678393485817,-26.715662320617152,58205.23381573334,20.45957,i,c4d_180328_053641_ooi_i_v1
190.65935295677008,-26.70983419732686,58205.23381573334,20.343388,i,c4d_180328_053641_ooi_i_v1
190.67256406032345,-26.7214426891805,58205.23381573334,20.519682,i,c4d_180328_053641_ooi_i_v1
190.65247111280098,-26.732730781535203,58205.23381573334,20.907879,i,c4d_180328_053641_ooi_i_v1
190.6552838103619,-26.727008414386887,58205.23381573334,21.034555,i,c4d_180328_053641_ooi_i_v1
190.6593341066037,-26.709829957811454,58205.23426028481,20.214725,z,c4d_180328_053720_ooi_z_v1
190.66121414385137,-26.733476036389206,58205.23426028481,20.634151,z,c4d_180328_053720_ooi_z_v1
190.65248291555932,-26.732682307221978,58205.23426028481,20.365744,z,c4d_180328_053720_ooi_z_v1
190.67824176569778,-26.728784304278825,58205.23426028481,20.720991,z,c4d_180328_053720_ooi_z_v1
190.67349196410763,-26.71835939221536,58205.23426028481,21.041513,z,c4d_180328_053720_ooi_z_v1
190.67101065428935,-26.729263367555532,58205.23426028481,20.939264,z,c4d_180328_053720_ooi_z_v1
190.6687278770309,-26.72683336784937,58205.23426028481,20.836094,z,c4d_180328_053720_ooi_z_v1
190.6532769948144,-26.733574834889613,58205.23426028481,20.458332,z,c4d_180328_053720_ooi_z_v1
190.6552428126217,-26.727048096913315,58205.23426028481,20.413252,z,c4d_180328_053720_ooi_z_v1
190.65741172331488,-26.719487025139188,58205.23426028481,20.881962,z,c4d_180328_053720_ooi_z_v1
190.65933969368075,-26.709852888995947,58205.26716282545,21.194,g,c4d_180328_062442_ooi_g_v1
190.65935538703923,-26.70982644848635,58205.26759198448,20.66658,r,c4d_180328_062519_ooi_r_v1
190.6716887940573,-26.712453142991297,58205.26759198448,20.310333,r,c4d_180328_062519_ooi_r_v1
190.65935027628103,-26.709843805936135,58205.268025116064,20.2901,i,c4d_180328_062557_ooi_i_v1
190.65525229596787,-26.727021775551687,58205.268025116064,20.729702,i,c4d_180328_062557_ooi_i_v1
190.67262322334633,-26.72145789975951,58205.268025116064,20.460436,i,c4d_180328_062557_ooi_i_v1
190.65118831435834,-26.7335406262279,58205.268025116064,20.874474,i,c4d_180328_062557_ooi_i_v1
190.6524167947984,-26.732675546998692,58205.268025116064,20.296682,i,c4d_180328_062557_ooi_i_v1
190.6678398533589,-26.7156726573901,58205.268025116064,20.548628,i,c4d_180328_062557_ooi_i_v1
190.67343108265342,-26.71841571206853,58205.26846818719,20.980131,z,c4d_180328_062635_ooi_z_v1
190.65327168755314,-26.733540936134332,58205.26846818719,20.580566,z,c4d_180328_062635_ooi_z_v1
190.65526398381155,-26.727029935923614,58205.26846818719,20.806408,z,c4d_180328_062635_ooi_z_v1
190.66868432495733,-26.726880890125056,58205.26846818719,21.18077,z,c4d_180328_062635_ooi_z_v1
190.65740003958504,-26.719453195473058,58205.26846818719,20.809649,z,c4d_180328_062635_ooi_z_v1
190.66120160007716,-26.733499369968886,58205.26846818719,21.093424,z,c4d_180328_062635_ooi_z_v1
190.6593229103316,-26.70984912736524,58205.26846818719,20.361334,z,c4d_180328_062635_ooi_z_v1
190.67819680328324,-26.728794205471207,58205.26846818719,20.739065,z,c4d_180328_062635_ooi_z_v1
190.67092317542392,-26.72930818376512,58205.26846818719,20.868042,z,c4d_180328_062635_ooi_z_v1
190.6524627421867,-26.73264722575511,58205.26846818719,20.266098,z,c4d_180328_062635_ooi_z_v1
190.65934784670597,-26.70982434679786,58205.30064110039,20.675339,g,c4d_180328_071255_ooi_g_v1
190.6716954647298,-26.712444546146507,58205.30107719544,20.226028,r,c4d_180328_071333_ooi_r_v1
190.65936636139426,-26.709831010758652,58205.30107719544,20.59038,r,c4d_180328_071333_ooi_r_v1
190.65245874993246,-26.73263424692567,58205.30151437642,20.674232,i,c4d_180328_071410_ooi_i_v1
190.6593504793905,-26.709855811766904,58205.30151437642,20.48583,i,c4d_180328_071410_ooi_i_v1
190.66784295049905,-26.715683718140124,58205.30151437642,20.236792,i,c4d_180328_071410_ooi_i_v1
190.67258058213596,-26.721462871915683,58205.30151437642,20.553131,i,c4d_180328_071410_ooi_i_v1
190.6552320456807,-26.727022580311026,58205.30151437642,21.077866,i,c4d_180328_071410_ooi_i_v1
190.67821165684288,-26.72876308308476,58205.30196279241,20.783674,z,c4d_180328_071449_ooi_z_v1
190.65739791246045,-26.719474346980768,58205.30196279241,20.833967,z,c4d_180328_071449_ooi_z_v1
190.65326133631245,-26.733588166672085,58205.30196279241,20.670065,z,c4d_180328_071449_ooi_z_v1
190.65243194163665,-26.728217786391458,58205.30196279241,20.371464,z,c4d_180328_071449_ooi_z_v1
190.6593494304112,-26.709839432742328,58205.30196279241,20.40293,z,c4d_180328_071449_ooi_z_v1
190.661243193,-26.733498556099498,58205.30196279241,21.05639,z,c4d_180328_071449_ooi_z_v1
190.67254153037285,-26.72145647334588,58205.30196279241,20.270084,z,c4d_180328_071449_ooi_z_v1
190.6552809819256,-26.727023336545177,58205.30196279241,20.720078,z,c4d_180328_071449_ooi_z_v1
190.6717430418549,-26.712426493986452,58206.05071710935,20.443396,r,c4d_180329_011301_ooi_r_v1
190.659339854439,-26.709812530213636,58206.05071710935,20.753162,r,c4d_180329_011301_ooi_r_v1
190.6593443532639,-26.709805248021556,58206.051143646706,20.32978,i,c4d_180329_011338_ooi_i_v1
190.67258113064193,-26.721495176947307,58206.051143646706,20.734785,i,c4d_180329_011338_ooi_i_v1
190.66786467092356,-26.715658354062526,58206.0515905614,20.318392,z,c4d_180329_011417_ooi_z_v1
190.6593609413173,-26.70984954424511,58206.0515905614,20.640879,z,c4d_180329_011417_ooi_z_v1
190.6782233360521,-26.7288152757573,58206.0515905614,21.031462,z,c4d_180329_011417_ooi_z_v1
190.6552650452384,-26.727083413866783,58206.0515905614,20.334162,z,c4d_180329_011417_ooi_z_v1
190.6524261978574,-26.73261923293639,58206.0515905614,20.529804,z,c4d_180329_011417_ooi_z_v1
190.65740592946864,-26.719488700836923,58206.0515905614,20.704588,z,c4d_180329_011417_ooi_z_v1
190.67169869621907,-26.712437215757557,58206.107569871936,20.434425,r,c4d_180329_023454_ooi_r_v1
190.65935272286026,-26.70981245180107,58206.107569871936,20.576433,r,c4d_180329_023454_ooi_r_v1
190.65242919662086,-26.732689457927798,58206.10800682753,20.923023,i,c4d_180329_023531_ooi_i_v1
190.66783841937442,-26.715641833474194,58206.10800682753,20.343597,i,c4d_180329_023531_ooi_i_v1
190.6726039732553,-26.721449510124287,58206.10800682753,20.267334,i,c4d_180329_023531_ooi_i_v1
190.67822143602464,-26.72878521335362,58206.10800682753,20.825188,i,c4d_180329_023531_ooi_i_v1
190.65932411507694,-26.709844905251572,58206.10800682753,20.312668,i,c4d_180329_023531_ooi_i_v1
190.6573840501813,-26.719443126452155,58206.10845545726,20.776566,z,c4d_180329_023610_ooi_z_v1
190.66117416768336,-26.733493980463955,58206.10845545726,20.495174,z,c4d_180329_023610_ooi_z_v1
190.655283282197,-26.72701580952652,58206.10845545726,20.29964,z,c4d_180329_023610_ooi_z_v1
190.65236574153056,-26.728226527931547,58206.10845545726,20.794933,z,c4d_180329_023610_ooi_z_v1
190.65329410627524,-26.733576415759174,58206.10845545726,20.594683,z,c4d_180329_023610_ooi_z_v1
190.67821199421348,-26.728802616225153,58206.10845545726,20.917112,z,c4d_180329_023610_ooi_z_v1
190.6593844889475,-26.709838712913477,58206.12335118558,20.675169,g,c4d_180329_025737_ooi_g_v1
190.65934861882053,-26.709846118217992,58206.12379873637,20.725058,r,c4d_180329_025816_ooi_r_v1
190.67167751532813,-26.712458468150565,58206.12379873637,20.31277,r,c4d_180329_025816_ooi_r_v1
190.65244020870531,-26.732716882624942,58206.12424782105,20.539492,i,c4d_180329_025855_ooi_i_v1
190.6532416500763,-26.73354099597746,58206.12424782105,20.82927,i,c4d_180329_025855_ooi_i_v1
190.67262272863178,-26.721450613925967,58206.12424782105,20.449041,i,c4d_180329_025855_ooi_i_v1
190.67092822052413,-26.72931607763357,58206.12424782105,21.190434,i,c4d_180329_025855_ooi_i_v1
190.66784600600178,-26.715684831476747,58206.12424782105,20.458532,i,c4d_180329_025855_ooi_i_v1
190.6782392164639,-26.72876416019037,58206.12424782105,21.03473,i,c4d_180329_025855_ooi_i_v1
190.65936453332753,-26.70984469172415,58206.12424782105,20.599377,i,c4d_180329_025855_ooi_i_v1
190.65527373674342,-26.727071319177167,58206.12424782105,20.901861,i,c4d_180329_025855_ooi_i_v1
190.65934006533433,-26.709850706955734,58206.124692029785,20.3649,z,c4d_180329_025933_ooi_z_v1
190.65739233122022,-26.719455093621807,58206.124692029785,20.48418,z,c4d_180329_025933_ooi_z_v1
190.6524543301072,-26.732657019542334,58206.124692029785,20.597002,z,c4d_180329_025933_ooi_z_v1
190.6552542396054,-26.7270371793488,58206.124692029785,20.765844,z,c4d_180329_025933_ooi_z_v1
190.67826871433806,-26.728754323835023,58206.124692029785,20.506002,z,c4d_180329_025933_ooi_z_v1
190.67258229252855,-26.72144419020704,58206.124692029785,20.216665,z,c4d_180329_025933_ooi_z_v1
190.67097368931445,-26.729258437888454,58206.124692029785,20.936932,z,c4d_180329_025933_ooi_z_v1
190.66120421845497,-26.733498057615346,58206.124692029785,20.69648,z,c4d_180329_025933_ooi_z_v1
190.67170209049286,-26.712438456720633,58206.141217147,20.301153,r,c4d_180329_032321_ooi_r_v1
190.6593560178568,-26.709813713695475,58206.141217147,20.574713,r,c4d_180329_032321_ooi_r_v1
190.6726158731072,-26.721515843798702,58206.14166116947,20.36731,i,c4d_180329_032359_ooi_i_v1
190.65245653501523,-26.732651813361787,58206.14166116947,20.981112,i,c4d_180329_032359_ooi_i_v1
190.6593503392495,-26.709835909072766,58206.14166116947,20.209488,i,c4d_180329_032359_ooi_i_v1
190.67816225116795,-26.72880036388578,58206.14166116947,20.94689,i,c4d_180329_032359_ooi_i_v1
190.66786341991764,-26.71562863367736,58206.14166116947,20.630941,i,c4d_180329_032359_ooi_i_v1
190.6574129319133,-26.719444474503174,58206.142098065466,20.386755,z,c4d_180329_032437_ooi_z_v1
190.65528752484065,-26.727021288504353,58206.142098065466,20.584536,z,c4d_180329_032437_ooi_z_v1
190.6725951179548,-26.721458641579577,58206.142098065466,20.236145,z,c4d_180329_032437_ooi_z_v1
190.6734672138628,-26.718421552129023,58206.142098065466,21.058567,z,c4d_180329_032437_ooi_z_v1
190.67822626560633,-26.728811878695144,58206.142098065466,20.69997,z,c4d_180329_032437_ooi_z_v1
190.6532389118144,-26.733586472324408,58206.142098065466,20.530262,z,c4d_180329_032437_ooi_z_v1
190.65935772348445,-26.7098419038166,58206.142098065466,20.449884,z,c4d_180329_032437_ooi_z_v1
190.65933733607122,-26.709874162570657,58206.166689702775,20.86614,g,c4d_180329_040001_ooi_g_v1
190.67168561602483,-26.71244051923259,58206.16713733692,20.230515,r,c4d_180329_040040_ooi_r_v1
190.651159626354,-26.73345359003612,58206.16713733692,21.150763,r,c4d_180329_040040_ooi_r_v1
190.65934032104173,-26.709817370356177,58206.16713733692,20.54163,r,c4d_180329_040040_ooi_r_v1
190.6725891472555,-26.721487360346067,58206.16756095458,20.518116,i,c4d_180329_040117_ooi_i_v1
190.66784579008777,-26.715629472348606,58206.16756095458,20.399788,i,c4d_180329_040117_ooi_i_v1
190.65934128338517,-26.709844121637428,58206.16756095458,20.3238,i,c4d_180329_040117_ooi_i_v1
190.65525799301415,-26.72705105237202,58206.16756095458,21.199917,i,c4d_180329_040117_ooi_i_v1
190.65330026360067,-26.733562163063784,58206.16756095458,21.0138,i,c4d_180329_040117_ooi_i_v1
190.65247868420732,-26.73268265356691,58206.16756095458,20.832705,i,c4d_180329_040117_ooi_i_v1
190.6524611736535,-26.732644485756197,58206.16801966401,20.38657,z,c4d_180329_040156_ooi_z_v1
190.65244121006083,-26.72820404428229,58206.16801966401,20.755121,z,c4d_180329_040156_ooi_z_v1
190.6593253282544,-26.70983251044944,58206.16801966401,20.420073,z,c4d_180329_040156_ooi_z_v1
190.66115957931558,-26.733482708078856,58206.16801966401,20.773466,z,c4d_180329_040156_ooi_z_v1
190.67346703261038,-26.718401693513997,58206.16801966401,21.040815,z,c4d_180329_040156_ooi_z_v1
190.67822781170588,-26.728780810119538,58206.16801966401,20.921003,z,c4d_180329_040156_ooi_z_v1
190.65324531200372,-26.733545178352625,58206.16801966401,20.581701,z,c4d_180329_040156_ooi_z_v1
190.65526751357245,-26.726999969247508,58206.16801966401,20.699493,z,c4d_180329_040156_ooi_z_v1
190.65739701045595,-26.71945530551004,58206.16801966401,20.57933,z,c4d_180329_040156_ooi_z_v1
190.65932616539246,-26.7098366462177,58206.185912228655,21.09753,g,c4d_180329_042742_ooi_g_v1
190.67169088928392,-26.71244135686526,58206.18635526998,20.385752,r,c4d_180329_042821_ooi_r_v1
190.65934617116713,-26.70984960510539,58206.18635526998,20.631706,r,c4d_180329_042821_ooi_r_v1
190.65526091528073,-26.727036808431144,58206.18679489661,21.062332,i,c4d_180329_042859_ooi_i_v1
190.6725846528373,-26.72144816944516,58206.18679489661,20.47365,i,c4d_180329_042859_ooi_i_v1
190.66786650008785,-26.715667367969353,58206.18679489661,20.277647,i,c4d_180329_042859_ooi_i_v1
190.65247021750992,-26.732645003175087,58206.18679489661,21.004261,i,c4d_180329_042859_ooi_i_v1
190.6593452395226,-26.709833011100134,58206.18679489661,20.365309,i,c4d_180329_042859_ooi_i_v1
190.67097228976579,-26.72926156435624,58206.18723829277,20.730291,z,c4d_180329_042937_ooi_z_v1
190.65244026767522,-26.728242382026686,58206.18723829277,20.75545,z,c4d_180329_042937_ooi_z_v1
190.65245089952447,-26.73265874258156,58206.18723829277,20.243046,z,c4d_180329_042937_ooi_z_v1
190.65524260111977,-26.727035307299328,58206.18723829277,20.665154,z,c4d_180329_042937_ooi_z_v1
190.65739868758436,-26.719438366714634,58206.18723829277,20.734133,z,c4d_180329_042937_ooi_z_v1
190.6593380997556,-26.709827454032403,58206.18723829277,20.210062,z,c4d_180329_042937_ooi_z_v1
190.66116519230152,-26.73345783299618,58206.18723829277,20.865118,z,c4d_180329_042937_ooi_z_v1
190.67821626203408,-26.728780323783806,58206.18723829277,20.848017,z,c4d_180329_042937_ooi_z_v1
190.65935924129016,-26.709832080199977,58206.204264949076,21.141731,g,c4d_180329_045408_ooi_g_v1
190.65935234601866,-26.70984678225625,58206.20471482398,20.54084,r,c4d_180329_045447_ooi_r_v1
190.67167553195873,-26.712452067314064,58206.20471482398,20.395597,r,c4d_180329_045447_ooi_r_v1
190.66469153875377,-26.72687471452043,58206.20471482398,21.159033,r,c4d_180329_045447_ooi_r_v1
190.6593493524393,-26.709831570383475,58206.20515629696,20.379148,i,c4d_180329_045525_ooi_i_v1
190.66785794780185,-26.71566786562577,58206.20515629696,20.465889,i,c4d_180329_045525_ooi_i_v1
190.67097529783365,-26.72927774723487,58206.20515629696,21.145746,i,c4d_180329_045525_ooi_i_v1
190.67255572845005,-26.72142902956814,58206.20515629696,20.222755,i,c4d_180329_045525_ooi_i_v1
190.65242751831246,-26.73265103301672,58206.20515629696,20.860544,i,c4d_180329_045525_ooi_i_v1
190.65320130914645,-26.733576277839195,58206.20515629696,20.69936,i,c4d_180329_045525_ooi_i_v1
190.6552833935495,-26.727039571077572,58206.20515629696,20.910332,i,c4d_180329_045525_ooi_i_v1
190.65744682877815,-26.71948334575895,58206.20515629696,21.1522,i,c4d_180329_045525_ooi_i_v1
190.6573874848728,-26.7194473269809,58206.20560704032,20.99893,z,c4d_180329_045604_ooi_z_v1
190.65244476623832,-26.732653183955275,58206.20560704032,20.347445,z,c4d_180329_045604_ooi_z_v1
190.65327614393968,-26.73352284366799,58206.20560704032,20.395222,z,c4d_180329_045604_ooi_z_v1
190.65525687753157,-26.727036984770425,58206.20560704032,20.662695,z,c4d_180329_045604_ooi_z_v1
190.67824064508807,-26.728754721897218,58206.20560704032,20.607563,z,c4d_180329_045604_ooi_z_v1
190.67346443303305,-26.718392906059403,58206.20560704032,20.598013,z,c4d_180329_045604_ooi_z_v1
190.65935701851495,-26.70983762288155,58206.20560704032,20.342453,z,c4d_180329_045604_ooi_z_v1
190.65933922389496,-26.70986771427463,58206.22846821323,20.722977,g,c4d_180329_052859_ooi_g_v1
190.65934443828132,-26.70983709313609,58206.22890649317,20.718624,r,c4d_180329_052937_ooi_r_v1
190.67168095919013,-26.71244350564814,58206.22890649317,20.23972,r,c4d_180329_052937_ooi_r_v1
190.66784932727967,-26.71565015434329,58206.229335920885,20.546959,i,c4d_180329_053014_ooi_i_v1
190.65245010535241,-26.73265048761191,58206.229335920885,20.710567,i,c4d_180329_053014_ooi_i_v1
190.67260547885044,-26.721451983470804,58206.229335920885,20.577217,i,c4d_180329_053014_ooi_i_v1
190.65933565447136,-26.7098505622133,58206.229335920885,20.258898,i,c4d_180329_053014_ooi_i_v1
190.65240832688403,-26.732715977224927,58206.22976065567,20.37941,z,c4d_180329_053051_ooi_z_v1
190.65742573329223,-26.719452286956955,58206.22976065567,20.960247,z,c4d_180329_053051_ooi_z_v1
190.66119440499074,-26.7335037048289,58206.22976065567,20.953856,z,c4d_180329_053051_ooi_z_v1
190.65521927302507,-26.72702322380171,58206.22976065567,20.553236,z,c4d_180329_053051_ooi_z_v1
190.67822902129697,-26.728756164414555,58206.22976065567,20.768608,z,c4d_180329_053051_ooi_z_v1
190.65934388141662,-26.70983265027609,58206.25237363437,20.80456,r,c4d_180329_060325_ooi_r_v1
190.6716875798679,-26.712452051067228,58206.25237363437,20.396137,r,c4d_180329_060325_ooi_r_v1
190.65243711302213,-26.732648883640763,58206.25282888813,21.160736,i,c4d_180329_060404_ooi_i_v1
190.66783991236613,-26.715651135026025,58206.25282888813,20.764387,i,c4d_180329_060404_ooi_i_v1
190.65935080998088,-26.709826452189045,58206.25282888813,20.421534,i,c4d_180329_060404_ooi_i_v1
190.655284009094,-26.72701562524986,58206.25282888813,20.883034,i,c4d_180329_060404_ooi_i_v1
190.65328107903602,-26.73354437957453,58206.25282888813,20.815857,i,c4d_180329_060404_ooi_i_v1
190.67819851186877,-26.728770808673,58206.253266003914,20.770128,z,c4d_180329_060442_ooi_z_v1
190.6532549012897,-26.733543965968224,58206.253266003914,20.530828,z,c4d_180329_060442_ooi_z_v1
190.65523544778003,-26.72700837470269,58206.253266003914,20.618364,z,c4d_180329_060442_ooi_z_v1
190.65934108566555,-26.70981759624047,58206.253266003914,20.454033,z,c4d_180329_060442_ooi_z_v1
190.67093868825938,-26.729256455526755,58206.253266003914,21.18246,z,c4d_180329_060442_ooi_z_v1
190.65932341715197,-26.70985695034826,58206.27866808977,21.133642,g,c4d_180329_064116_ooi_g_v1
190.65935347089842,-26.709836862358262,58206.27911219979,20.451159,r,c4d_180329_064155_ooi_r_v1
190.67166570326265,-26.712455918795403,58206.27911219979,20.273724,r,c4d_180329_064155_ooi_r_v1
190.65743839036534,-26.719457628522278,58206.279542815406,21.026783,i,c4d_180329_064232_ooi_i_v1
190.65523134082667,-26.72700502377416,58206.279542815406,21.087059,i,c4d_180329_064232_ooi_i_v1
190.67822736077312,-26.728761595974966,58206.279542815406,21.08074,i,c4d_180329_064232_ooi_i_v1
190.67262934935343,-26.72142356594035,58206.279542815406,20.360846,i,c4d_180329_064232_ooi_i_v1
190.6678411115541,-26.715643975265095,58206.279542815406,20.594934,i,c4d_180329_064232_ooi_i_v1
190.6593418921734,-26.709813352212908,58206.279542815406,20.227962,i,c4d_180329_064232_ooi_i_v1
190.67821186846496,-26.72876054717655,58206.2799840495,20.436659,z,c4d_180329_064310_ooi_z_v1
190.65738183734948,-26.719456458284867,58206.2799840495,21.02286,z,c4d_180329_064310_ooi_z_v1
190.65934119970075,-26.709841662388964,58206.2799840495,20.387093,z,c4d_180329_064310_ooi_z_v1
190.66125470617658,-26.73352124419787,58206.2799840495,20.634298,z,c4d_180329_064310_ooi_z_v1
190.67091897471093,-26.729289755850775,58206.2799840495,21.002878,z,c4d_180329_064310_ooi_z_v1
190.65244319153118,-26.732630163892924,58206.2799840495,20.470432,z,c4d_180329_064310_ooi_z_v1
190.65236341765745,-26.72815917331123,58206.2799840495,20.506409,z,c4d_180329_064310_ooi_z_v1
190.65527034329335,-26.72702762160632,58206.2799840495,20.766033,z,c4d_180329_064310_ooi_z_v1
190.65934683586036,-26.70983099347649,58206.305343198124,20.669964,g,c4d_180329_071941_ooi_g_v1
190.66475167966223,-26.726849017499916,58206.305783711374,20.719189,r,c4d_180329_072019_ooi_r_v1
190.65936891255353,-26.709851338274536,58206.305783711374,20.620352,r,c4d_180329_072019_ooi_r_v1
190.6716874972466,-26.712455882945946,58206.305783711374,20.4314,r,c4d_180329_072019_ooi_r_v1
190.66785940030425,-26.715665314225923,58206.30622673081,20.727835,i,c4d_180329_072057_ooi_i_v1
190.672605292733,-26.721459499114083,58206.30622673081,20.351065,i,c4d_180329_072057_ooi_i_v1
190.65933057873653,-26.709834587571216,58206.30622673081,20.271397,i,c4d_180329_072057_ooi_i_v1
190.65243119223365,-26.732698937272673,58206.30622673081,20.620447,i,c4d_180329_072057_ooi_i_v1
190.67819128347455,-26.728754749307114,58206.30622673081,20.70468,i,c4d_180329_072057_ooi_i_v1
190.6709746203599,-26.729292736887288,58206.30665535247,20.244562,z,c4d_180329_072135_ooi_z_v1
190.65241130197987,-26.728218823534643,58206.30665535247,20.979631,z,c4d_180329_072135_ooi_z_v1
190.65245447470528,-26.732687358149335,58206.30665535247,20.669905,z,c4d_180329_072135_ooi_z_v1
190.65525091235637,-26.72703801322956,58206.30665535247,20.819096,z,c4d_180329_072135_ooi_z_v1
190.65740617619028,-26.719517642168892,58206.30665535247,20.76173,z,c4d_180329_072135_ooi_z_v1
190.65932389878094,-26.709821565439896,58206.30665535247,20.308128,z,c4d_180329_072135_ooi_z_v1
190.66118890311526,-26.73349048955127,58206.30665535247,20.660011,z,c4d_180329_072135_ooi_z_v1
190.67818514557902,-26.728778088244127,58206.30665535247,20.384146,z,c4d_180329_072135_ooi_z_v1
190.67168626938906,-26.712468233080294,58206.32828948414,20.292213,r,c4d_180329_075244_ooi_r_v1
190.65935285089517,-26.709866860646382,58206.32828948414,20.47992,r,c4d_180329_075244_ooi_r_v1
190.65526459631806,-26.72702801500333,58206.3287268416,20.68647,i,c4d_180329_075321_ooi_i_v1
190.67084156735254,-26.729225449068533,58206.3287268416,21.15533,i,c4d_180329_075321_ooi_i_v1
190.66784188847663,-26.715665426447263,58206.3287268416,20.428604,i,c4d_180329_075321_ooi_i_v1
190.65934740069616,-26.70981831984615,58206.3287268416,20.285513,i,c4d_180329_075321_ooi_i_v1
190.65743030168008,-26.719494064524774,58206.3287268416,21.069923,i,c4d_180329_075321_ooi_i_v1
190.65328421086636,-26.73353073236575,58206.3287268416,21.02222,i,c4d_180329_075321_ooi_i_v1
190.6524298205648,-26.73266792312751,58206.3287268416,20.94278,i,c4d_180329_075321_ooi_i_v1
190.6782070836671,-26.72877708252796,58206.32915876666,20.840721,z,c4d_180329_075359_ooi_z_v1
190.65326000625916,-26.733577011314832,58206.32915876666,20.561438,z,c4d_180329_075359_ooi_z_v1
190.65523520566404,-26.72702229417804,58206.32915876666,21.009108,z,c4d_180329_075359_ooi_z_v1
190.6573913227873,-26.719451813493183,58206.32915876666,20.38841,z,c4d_180329_075359_ooi_z_v1
190.6524500978435,-26.732702546770046,58206.32915876666,20.310947,z,c4d_180329_075359_ooi_z_v1
190.6523820882146,-26.728220005928108,58206.32915876666,20.772879,z,c4d_180329_075359_ooi_z_v1
190.65932213564437,-26.70984368553038,58206.350497261155,20.76618,g,c4d_180329_082442_ooi_g_v1
190.6593325387958,-26.709823407584622,58206.35095333727,20.576056,r,c4d_180329_082522_ooi_r_v1
190.67168203691617,-26.71245933008081,58206.35095333727,20.419924,r,c4d_180329_082522_ooi_r_v1
190.655244622079,-26.727016515114318,58206.351388682146,21.140686,i,c4d_180329_082559_ooi_i_v1
190.67258230596573,-26.721428400743196,58206.351388682146,20.591293,i,c4d_180329_082559_ooi_i_v1
190.66784933873717,-26.715656025270945,58206.351388682146,20.628628,i,c4d_180329_082559_ooi_i_v1
190.65933548832578,-26.709813743857936,58206.351388682146,20.567713,i,c4d_180329_082559_ooi_i_v1
190.65329604909738,-26.733548367009824,58206.351388682146,20.973776,i,c4d_180329_082559_ooi_i_v1
190.6524281021925,-26.732679765135135,58206.351388682146,20.6435,i,c4d_180329_082559_ooi_i_v1
190.65527178545256,-26.72701244645666,58206.35182555672,20.930025,z,c4d_180329_082637_ooi_z_v1
190.67819919206897,-26.728764225435093,58206.35182555672,20.484718,z,c4d_180329_082637_ooi_z_v1
190.6686574704708,-26.726828455870724,58206.35182555672,20.867933,z,c4d_180329_082637_ooi_z_v1
190.66117480692657,-26.733542370695503,58206.35182555672,20.451603,z,c4d_180329_082637_ooi_z_v1
190.65935244623827,-26.7098250274255,58206.35182555672,20.293962,z,c4d_180329_082637_ooi_z_v1
190.6523819284921,-26.72824843376783,58206.35182555672,20.846327,z,c4d_180329_082637_ooi_z_v1
190.65244089444312,-26.73262945649867,58206.35182555672,20.572697,z,c4d_180329_082637_ooi_z_v1
190.65741165577674,-26.719447907839022,58206.35182555672,20.862345,z,c4d_180329_082637_ooi_z_v1
190.65332060512574,-26.733520510758446,58206.35182555672,20.665848,z,c4d_180329_082637_ooi_z_v1
190.67167930846577,-26.71243587160565,58238.223678537644,20.46018,r,c4d_180430_052205_ooi_r_v1
190.6593359814727,-26.70981586469195,58238.223678537644,20.583418,r,c4d_180430_052205_ooi_r_v1
190.6593281734209,-26.709837039974733,58238.224116207566,20.651981,i,c4d_180430_052243_ooi_i_v1
190.65249419209988,-26.732605512394237,58238.224116207566,20.807125,i,c4d_180430_052243_ooi_i_v1
190.67263132457452,-26.721467315748807,58238.224116207566,20.417776,i,c4d_180430_052243_ooi_i_v1
190.66784766298855,-26.715671237952158,58238.224116207566,20.634785,i,c4d_180430_052243_ooi_i_v1
190.6593420820803,-26.70979334334598,58238.2245629048,20.43978,z,c4d_180430_052322_ooi_z_v1
190.6524917950388,-26.732637116947373,58238.2245629048,20.271141,z,c4d_180430_052322_ooi_z_v1
190.6678467873797,-26.71565037674797,58238.2245629048,20.200039,z,c4d_180430_052322_ooi_z_v1
190.67254679800848,-26.721422184293523,58238.2245629048,20.275536,z,c4d_180430_052322_ooi_z_v1
190.6782255674781,-26.728775507356673,58238.2245629048,21.058052,z,c4d_180430_052322_ooi_z_v1
190.65246192139682,-26.72822454569784,58238.2245629048,20.501844,z,c4d_180430_052322_ooi_z_v1
190.6574408802294,-26.719420608626717,58238.2245629048,21.03371,z,c4d_180430_052322_ooi_z_v1
190.659307791719,-26.7098252119643,58238.271857330576,20.775946,r,c4d_180430_063128_ooi_r_v1
190.67166535664532,-26.712464581663486,58238.271857330576,20.431927,r,c4d_180430_063128_ooi_r_v1
190.66782075459494,-26.71565124713644,58238.27229485195,20.56127,i,c4d_180430_063206_ooi_i_v1
190.67256617843776,-26.72140440104841,58238.27229485195,20.667488,i,c4d_180430_063206_ooi_i_v1
190.67821246930487,-26.728790136243944,58238.27272873465,20.634626,z,c4d_180430_063243_ooi_z_v1
190.6532199267916,-26.733563957852148,58238.27272873465,20.471645,z,c4d_180430_063243_ooi_z_v1
190.65528394819074,-26.727026094255308,58238.27272873465,20.794292,z,c4d_180430_063243_ooi_z_v1
190.6708957336777,-26.729289147267487,58238.27272873465,20.786072,z,c4d_180430_063243_ooi_z_v1
190.65939982706718,-26.709802650021942,58240.2147230478,20.674084,g,c4d_180502_050912_ooi_g_v1
190.6716892473413,-26.712450394606083,58240.215160680935,20.307787,r,c4d_180502_050949_ooi_r_v1
190.6593610297605,-26.709793200732967,58240.215160680935,20.843088,r,c4d_180502_050949_ooi_r_v1
190.67821803998797,-26.72875289491636,58240.215602786746,21.104208,i,c4d_180502_051028_ooi_i_v1
190.6593415070596,-26.709827507554333,58240.215602786746,20.254822,i,c4d_180502_051028_ooi_i_v1
190.6678639201618,-26.715642580527536,58240.215602786746,20.587038,i,c4d_180502_051028_ooi_i_v1
190.67257139837088,-26.721437647254742,58240.215602786746,20.507051,i,c4d_180502_051028_ooi_i_v1
190.65747638083926,-26.719476499436812,58240.21603257023,20.627733,z,c4d_180502_051105_ooi_z_v1
190.67822759280403,-26.72875555873741,58240.21603257023,20.61603,z,c4d_180502_051105_ooi_z_v1
190.6709112880638,-26.729348804426863,58240.21603257023,21.0349,z,c4d_180502_051105_ooi_z_v1
190.65523928554498,-26.72700230890491,58240.21603257023,20.652727,z,c4d_180502_051105_ooi_z_v1
190.6593693315813,-26.709799939207535,58240.21603257023,20.297285,z,c4d_180502_051105_ooi_z_v1
190.67168029553122,-26.71245568659683,58241.22922780085,20.324839,r,c4d_180503_053005_ooi_r_v1
190.65934559579418,-26.70983859982847,58241.22922780085,20.361032,r,c4d_180503_053005_ooi_r_v1
190.6552110915905,-26.727010354798495,58241.229666016996,21.151176,i,c4d_180503_053043_ooi_i_v1
190.6533387852209,-26.73352351960328,58241.229666016996,20.819864,i,c4d_180503_053043_ooi_i_v1
190.6678459262978,-26.715666234971394,58241.229666016996,20.215094,i,c4d_180503_053043_ooi_i_v1
190.6725855312532,-26.72140034078184,58241.229666016996,20.615828,i,c4d_180503_053043_ooi_i_v1
190.65933810848665,-26.709831575249172,58241.229666016996,20.534307,i,c4d_180503_053043_ooi_i_v1
190.6524551199064,-26.73265856546025,58241.229666016996,20.58674,i,c4d_180503_053043_ooi_i_v1
190.66118142206946,-26.733500926572546,58241.23009814741,20.534342,z,c4d_180503_053120_ooi_z_v1
190.65527534840027,-26.727060370960267,58241.23009814741,20.25345,z,c4d_180503_053120_ooi_z_v1
190.65246042101703,-26.732680708335995,58241.23009814741,20.37866,z,c4d_180503_053120_ooi_z_v1
190.652369630454,-26.728217219135217,58241.23009814741,20.467567,z,c4d_180503_053120_ooi_z_v1
190.65736253893078,-26.719487231232915,58241.23009814741,20.72703,z,c4d_180503_053120_ooi_z_v1
190.6593012140308,-26.70984252946429,58241.23009814741,20.47471,z,c4d_180503_053120_ooi_z_v1
190.67819181133103,-26.728786821156984,58241.23009814741,20.70407,z,c4d_180503_053120_ooi_z_v1
190.6593305770126,-26.709826417533197,58242.21996766841,21.166195,g,c4d_180504_051645_ooi_g_v1
190.67170328886058,-26.712426098217396,58242.22040465707,20.518536,r,c4d_180504_051722_ooi_r_v1
190.66469374774886,-26.726858194423887,58242.22040465707,20.984686,r,c4d_180504_051722_ooi_r_v1
190.65931449392477,-26.70982472719958,58242.22040465707,20.477379,r,c4d_180504_051722_ooi_r_v1
190.65325925876044,-26.733514882152033,58242.22084278101,20.915798,i,c4d_180504_051800_ooi_i_v1
190.65244587132915,-26.73266518160192,58242.22084278101,20.64342,i,c4d_180504_051800_ooi_i_v1
190.6524087084372,-26.728236419816582,58242.22084278101,20.904821,i,c4d_180504_051800_ooi_i_v1
190.66786226947315,-26.71564839383262,58242.22084278101,20.621136,i,c4d_180504_051800_ooi_i_v1
190.67822506711167,-26.72878343871581,58242.22084278101,21.104258,i,c4d_180504_051800_ooi_i_v1
190.65934497632472,-26.70984581984446,58242.22084278101,20.339186,i,c4d_180504_051800_ooi_i_v1
190.65747307711555,-26.71946417252558,58242.22084278101,21.16518,i,c4d_180504_051800_ooi_i_v1
190.65525668343392,-26.72702332402373,58242.22084278101,21.136328,i,c4d_180504_051800_ooi_i_v1
190.67098592820378,-26.729281910879198,58242.221279319376,21.115877,z,c4d_180504_051838_ooi_z_v1
190.65238398044244,-26.728238460400785,58242.221279319376,20.94358,z,c4d_180504_051838_ooi_z_v1
190.6524710081168,-26.73265990365082,58242.221279319376,20.234062,z,c4d_180504_051838_ooi_z_v1
190.653264623202,-26.733534820693276,58242.221279319376,20.252274,z,c4d_180504_051838_ooi_z_v1
190.65523261045064,-26.7270121064374,58242.221279319376,20.720934,z,c4d_180504_051838_ooi_z_v1
190.6573920762604,-26.719460282082686,58242.221279319376,20.68693,z,c4d_180504_051838_ooi_z_v1
190.65882556834472,-26.733309649195615,58242.221279319376,21.00489,z,c4d_180504_051838_ooi_z_v1
190.65934990171942,-26.709825336399163,58242.221279319376,20.433792,z,c4d_180504_051838_ooi_z_v1
190.66117667043372,-26.733493252143393,58242.221279319376,20.793139,z,c4d_180504_051838_ooi_z_v1
190.6686893755534,-26.726858452229767,58242.221279319376,20.852236,z,c4d_180504_051838_ooi_z_v1
190.6782233432442,-26.728776798851246,58242.221279319376,20.399042,z,c4d_180504_051838_ooi_z_v1
190.659344025395,-26.70988575471053,58242.256227996666,20.751083,g,c4d_180504_060858_ooi_g_v1
190.6593382007292,-26.70985709342971,58242.25667009456,20.684544,r,c4d_180504_060936_ooi_r_v1
190.6716690016188,-26.712435123726376,58242.25667009456,20.33718,r,c4d_180504_060936_ooi_r_v1
190.65740436275385,-26.7194270749493,58242.25710358471,20.832031,i,c4d_180504_061013_ooi_i_v1
190.65933764302326,-26.70983877076058,58242.25710358471,20.612349,i,c4d_180504_061013_ooi_i_v1
190.67259123849112,-26.721397106718072,58242.25710358471,20.42135,i,c4d_180504_061013_ooi_i_v1
190.66783981660672,-26.715666660423643,58242.25710358471,20.451777,i,c4d_180504_061013_ooi_i_v1
190.65244768554703,-26.732650627070196,58242.25710358471,20.73311,i,c4d_180504_061013_ooi_i_v1
190.65329532252943,-26.733547924811795,58242.25710358471,21.042015,i,c4d_180504_061013_ooi_i_v1
190.657374665395,-26.71948324071138,58242.257541090716,20.714191,z,c4d_180504_061051_ooi_z_v1
190.65933608566246,-26.709833136011827,58242.257541090716,20.259047,z,c4d_180504_061051_ooi_z_v1
190.65241027520244,-26.728234510265608,58242.257541090716,20.801666,z,c4d_180504_061051_ooi_z_v1
190.65243170935133,-26.732691461044194,58242.257541090716,20.510645,z,c4d_180504_061051_ooi_z_v1
190.6532563082722,-26.733566398235453,58242.257541090716,20.82771,z,c4d_180504_061051_ooi_z_v1
190.67822864567984,-26.728818184265293,58242.257541090716,20.559553,z,c4d_180504_061051_ooi_z_v1
190.67101646237177,-26.72925623997782,58242.257541090716,20.791357,z,c4d_180504_061051_ooi_z_v1
190.66119415596867,-26.733522315743954,58242.257541090716,20.589499,z,c4d_180504_061051_ooi_z_v1
190.65525324361954,-26.727022412440874,58242.257541090716,20.573105,z,c4d_180504_061051_ooi_z_v1
190.659355380778,-26.70985151795256,58243.19910271838,20.76568,g,c4d_180505_044642_ooi_g_v1
190.6725521294746,-26.72142007095877,58243.19953249069,21.133276,r,c4d_180505_044719_ooi_r_v1
190.6593341711746,-26.709836068771473,58243.19953249069,20.77328,r,c4d_180505_044719_ooi_r_v1
190.67168582058164,-26.712455580807223,58243.19953249069,20.238102,r,c4d_180505_044719_ooi_r_v1
190.65933479262776,-26.709843365761813,58243.19998213323,20.504631,i,c4d_180505_044758_ooi_i_v1
190.65526014753186,-26.727020139066955,58243.19998213323,21.0076,i,c4d_180505_044758_ooi_i_v1
190.6524615495256,-26.732668410257315,58243.19998213323,20.729641,i,c4d_180505_044758_ooi_i_v1
190.67263607339376,-26.721445344494057,58243.19998213323,20.282381,i,c4d_180505_044758_ooi_i_v1
190.66784214631414,-26.71566436919006,58243.19998213323,20.530766,i,c4d_180505_044758_ooi_i_v1
190.67819665076888,-26.728794844991356,58243.200419483706,20.678097,z,c4d_180505_044836_ooi_z_v1
190.65237330431458,-26.728222869578296,58243.200419483706,20.495363,z,c4d_180505_044836_ooi_z_v1
190.6524686551256,-26.73265627236057,58243.200419483706,20.303589,z,c4d_180505_044836_ooi_z_v1
190.65330730825693,-26.73353569826378,58243.200419483706,20.403822,z,c4d_180505_044836_ooi_z_v1
190.6552645309453,-26.727003798423613,58243.200419483706,20.433912,z,c4d_180505_044836_ooi_z_v1
190.65740062507516,-26.719445794676894,58243.200419483706,20.98937,z,c4d_180505_044836_ooi_z_v1
190.65933722759877,-26.709842290356868,58243.200419483706,20.24708,z,c4d_180505_044836_ooi_z_v1
190.66120458353754,-26.73353554662433,58243.200419483706,20.978588,z,c4d_180505_044836_ooi_z_v1
190.66866876387476,-26.726815163034516,58243.200419483706,20.917553,z,c4d_180505_044836_ooi_z_v1
190.65930514021508,-26.709835650702814,58243.24690746283,21.001219,g,c4d_180505_055532_ooi_g_v1
190.65935035891457,-26.70983124221488,58243.24735558545,20.477097,r,c4d_180505_055611_ooi_r_v1
190.67167224139186,-26.71245542374929,58243.24735558545,20.300573,r,c4d_180505_055611_ooi_r_v1
190.65745112154966,-26.719457806407764,58243.24781010114,21.034554,i,c4d_180505_055650_ooi_i_v1
190.67822600425112,-26.72879071793924,58243.24781010114,21.152985,i,c4d_180505_055650_ooi_i_v1
190.67260451092963,-26.721454337035734,58243.24781010114,20.328646,i,c4d_180505_055650_ooi_i_v1
190.66784721535217,-26.715654701616252,58243.24781010114,20.279522,i,c4d_180505_055650_ooi_i_v1
190.65932131814688,-26.709825522343294,58243.24781010114,20.39418,i,c4d_180505_055650_ooi_i_v1
190.65244857765518,-26.732632031496323,58243.24781010114,20.627096,i,c4d_180505_055650_ooi_i_v1
190.65322969928127,-26.733542875893686,58243.24781010114,20.671999,i,c4d_180505_055650_ooi_i_v1
190.65525429577673,-26.72705901447026,58243.24781010114,20.99107,i,c4d_180505_055650_ooi_i_v1
190.65329596294998,-26.73353907757895,58243.24823883409,20.664648,z,c4d_180505_055727_ooi_z_v1
190.65244343308726,-26.732684157950672,58243.24823883409,20.205315,z,c4d_180505_055727_ooi_z_v1
190.65240072317158,-26.728203208898776,58243.24823883409,20.745073,z,c4d_180505_055727_ooi_z_v1
190.67821723237674,-26.728765599288586,58243.24823883409,20.398005,z,c4d_180505_055727_ooi_z_v1
190.67101627006923,-26.729237479864235,58243.24823883409,20.878145,z,c4d_180505_055727_ooi_z_v1
190.66119725537865,-26.733514455599497,58243.24823883409,20.633999,z,c4d_180505_055727_ooi_z_v1
190.659341307203,-26.70982732026395,58243.24823883409,20.413088,z,c4d_180505_055727_ooi_z_v1
190.65739066705692,-26.719470321582143,58243.24823883409,20.613487,z,c4d_180505_055727_ooi_z_v1
190.65529243295478,-26.72705167501808,58243.24823883409,20.513548,z,c4d_180505_055727_ooi_z_v1
190.65930451136805,-26.709821671041848,58243.2789716376,20.734089,g,c4d_180505_064143_ooi_g_v1
190.6593207460468,-26.70983366181397,58243.279408467,20.439928,r,c4d_180505_064220_ooi_r_v1
190.67168565965704,-26.712445452202587,58243.279408467,20.364904,r,c4d_180505_064220_ooi_r_v1
190.6725980961479,-26.721447829002734,58243.279408467,21.159641,r,c4d_180505_064220_ooi_r_v1
190.65244006842323,-26.73269376919348,58243.279848334845,20.71793,i,c4d_180505_064258_ooi_i_v1
190.65524994008214,-26.727042732508252,58243.279848334845,21.146059,i,c4d_180505_064258_ooi_i_v1
190.65933632271734,-26.709836845132095,58243.279848334845,20.539072,i,c4d_180505_064258_ooi_i_v1
190.6678502969463,-26.715652029348785,58243.279848334845,20.346992,i,c4d_180505_064258_ooi_i_v1
190.65933232379368,-26.709837119463366,58243.2802785309,20.345922,z,c4d_180505_064336_ooi_z_v1
190.65249095022298,-26.728244555913886,58243.2802785309,20.415499,z,c4d_180505_064336_ooi_z_v1
190.65528267209504,-26.727017408813857,58243.2802785309,20.525324,z,c4d_180505_064336_ooi_z_v1
190.65739671665824,-26.71944084650811,58243.2802785309,20.88629,z,c4d_180505_064336_ooi_z_v1
190.671041959559,-26.729237176576945,58243.2802785309,20.895393,z,c4d_180505_064336_ooi_z_v1
190.67821262972606,-26.728774637439074,58243.2802785309,20.515182,z,c4d_180505_064336_ooi_z_v1
190.66783825634982,-26.71565376452587,58539.33190588746,20.502842,i,c4d_190225_075756_ooi_i_v1
190.67258783674433,-26.721449612938756,58539.33190588746,20.297976,i,c4d_190225_075756_ooi_i_v1
190.65328206307342,-26.73354218162542,58539.33190588746,20.834139,i,c4d_190225_075756_ooi_i_v1
190.6524287323565,-26.732692397646456,58539.33190588746,20.523106,i,c4d_190225_075756_ooi_i_v1
190.65240525203487,-26.728230615694333,58539.33190588746,20.85027,i,c4d_190225_075756_ooi_i_v1
190.6552559616972,-26.72703385514697,58539.33190588746,21.157665,i,c4d_190225_075756_ooi_i_v1
190.65933957445927,-26.709833289801537,58539.33190588746,20.391523,i,c4d_190225_075756_ooi_i_v1
190.6709649996464,-26.729279326224457,58539.33190588746,21.133331,i,c4d_190225_075756_ooi_i_v1
190.65934619190912,-26.709827854212097,58600.23094636295,20.640043,r,c4d_190427_053233_ooi_r_v1
190.67255518996765,-26.721433933718966,58600.23094636295,21.129618,r,c4d_190427_053233_ooi_r_v1
190.67166881780835,-26.712442413653136,58600.23094636295,20.29564,r,c4d_190427_053233_ooi_r_v1
190.66121053938247,-26.73352491118102,58600.314120138064,20.82103,z,c4d_190427_073219_ooi_z_v1
190.67820914226903,-26.728782916001155,58600.314120138064,20.82401,z,c4d_190427_073219_ooi_z_v1
190.67092988121712,-26.729287125243676,58600.314120138064,20.9147,z,c4d_190427_073219_ooi_z_v1
190.65743289971977,-26.719452927108716,58600.314120138064,20.757244,z,c4d_190427_073219_ooi_z_v1
190.65523727937403,-26.727017131059398,58600.314120138064,20.414106,z,c4d_190427_073219_ooi_z_v1
190.6533129304288,-26.733527385325004,58600.314120138064,21.073378,z,c4d_190427_073219_ooi_z_v1
190.65243727790823,-26.73266493269875,58600.314120138064,20.420673,z,c4d_190427_073219_ooi_z_v1
190.65238992440612,-26.728166768261282,58600.314120138064,20.530193,z,c4d_190427_073219_ooi_z_v1
190.65934192802007,-26.709828782714702,58600.314120138064,20.400675,z,c4d_190427_073219_ooi_z_v1
190.67348248461965,-26.718402998236776,58600.314120138064,20.841047,z,c4d_190427_073219_ooi_z_v1
